proposal_id,meeting_date,department,title,type,level,audit_verdict,decision,exp_or_inv_id,measured_value,hit
PRP-20261005-se-1,2026-10-05,SE,楽天キーワードの修正,データ品質,A,条件付き合格,実行,EXP-005,,
PRP-20261005-se-2,2026-10-05,SE,Yahoo 429の待機と再開,データ品質,A,条件付き合格,次回（コード先行、本番はC1と同時）,,,
PRP-20261005-se-3,2026-10-05,SE,KPI台帳の列追加（保持期間は変えない）,運用・安定化,A,合格,実行,,,
PRP-20261005-wd-1,2026-10-05,Webデザイン,古いYahoo価格が主役になる不具合,CRO/不具合,A,条件付き合格,実行,EXP-004,,
PRP-20261005-wd-2,2026-10-05,Webデザイン,商品名の販促文言の除去,法務・表示,A/B,条件付き合格,次回（dry-run）,,,
PRP-20261005-wd-3,2026-10-05,Webデザイン,場所ごとの表示回数の計測,計測,A,条件付き合格,次回,,,
PRP-20261005-ga-1,2026-10-05,総務,プライバシーポリシーと通知の停止・削除,法務・表示,B,条件付き合格,承認依頼#003→承認（2026-10-05、1A・2A・3A）,,,
PRP-20261005-ga-2,2026-10-05,総務,表記を実態に合わせる,法務・表示,A,条件付き合格,実行,EXP-006,,
PRP-20261005-ga-3,2026-10-05,総務,契約・期限の台帳とdocsの矛盾修正,運用・安定化,A,条件付き合格,実行,,,
PRP-20261005-mk-1,2026-10-05,マーケ,インデックス計測とサイトマップ絞り込み,SEO,A,合格（絞り込みはEXP-003後）,次回（計測のみ）,,,
PRP-20261005-mk-2,2026-10-05,マーケ,新旧モデルの厳選比較ページ,SEO/コンテンツ,A,条件付き合格,次回（D1の後）,,,
PRP-20261005-mk-3,2026-10-05,マーケ,X投稿のutm,計測,A,合格,実行（(1)のみ）,EXP-007,,
PRP-20261005-sa-1,2026-10-05,営業,フィッティング・レッスンの高単価案件,提携・ASP,B/C,条件付き合格,承認依頼#004→承認（2026-10-05）,,,
PRP-20261005-sa-2,2026-10-05,営業,Amazonを守る（表記・本審査の管理）,提携・ASP,A/C,条件付き合格,実行（表記）＋C2,,,
PRP-20261005-sa-3,2026-10-05,営業,VCでまとめて申請（Yahoo・ゴルフ5）,提携・ASP,C/B,合格,C1＋#004,,,
PRP-20261005-st-1,2026-10-05,経営企画,高単価案件の90日試験,新規事業,B,条件付き合格（数字は経理が差し戻し）,#004に統合,,,
PRP-20261005-st-2,2026-10-05,経営企画,売上・費用の見える化,運用・安定化,A/C,合格,実行（様式）＋C3,,,
PRP-20261005-st-3,2026-10-05,経営企画,横展開は今は着手しない,新規事業,A,合格,実行（見送りの決定）,,,
PRP-20261005-acc-1,2026-10-05,経理,月次の数字の様式,運用・安定化,A/C,合格,実行,,,
PRP-20261005-acc-2,2026-10-05,経理,月次損益表,運用・安定化,A,合格,実行,,,
PRP-20261005-acc-3,2026-10-05,経理,円/月の物差し,組織,A,合格,実行,,,
PRP-20261005-hr-1,2026-10-05,人事,経営企画の担当拡大,組織,A,合格,実行,,,
PRP-20261005-hr-2,2026-10-05,人事,提案台帳,組織,A,合格,実行,EXP-008,,
PRP-20261005-hr-3,2026-10-05,人事,定義の食い違いの修正,組織,A,合格,実行,,,
