product_id,name,step74_keyword,step75_keyword,before_current_price,before_image_url,before_affiliate_url,before_specs_json,before_updated_at
237,ピン G440K ドライバー ALTA J CB BLUE G440 K 右用,ピン G440K ドライバー ALTA Ｊ CB BLUE G440 Ｋ 右用,ピン G440K ドライバー ALTA CB BLUE G440 右用,118800,https://thumbnail.image.rakuten.co.jp/@0_mall/yatogolf-eosaka/cabinet/ping7/g440k-1-alta-m.jpg,https://hb.afl.rakuten.co.jp/ichiba/38e4bda3.3d4c8086.38e4bda4.cefadc6a/?pc=https%3A%2F%2Fitem.rakuten.co.jp%2Fyatogolf-eosaka%2Fg440k-alta%2F%3Frafcid%3Dwsc_i_is_2309dcb4-5309-490e-b085-4727561221b9&link_type=hybrid_url,,2026-10-04T21:54:21.931063
592,キャロウェイ 両手用グローブ 5枚セット ネイル デュアル グローブ ウィ 25 JM 両手用 NAIL DUAL W 25JM,キャロウェイ 両手用グローブ 5枚セット ネイル デュアル グローブ ウィ 25 JM 両手用 NAIL DUAL Ｗ 25JM,キャロウェイ 両手用グローブ 5枚セット ネイル デュアル グローブ ウィ 25 JM 両手用 NAIL DUAL 25JM,13464,https://thumbnail.image.rakuten.co.jp/@0_mall/himaraya/cabinet/001241363s/001241363set2_r1_01.jpg,https://hb.afl.rakuten.co.jp/ichiba/38e4bda3.3d4c8086.38e4bda4.cefadc6a/?pc=https%3A%2F%2Fitem.rakuten.co.jp%2Fhimaraya%2F001241363set2%2F%3Frafcid%3Dwsc_i_is_2309dcb4-5309-490e-b085-4727561221b9&link_type=hybrid_url,,2026-10-04T21:54:21.837930
368,ブリヂストン 2022 ツアー ビー シリーズ TOUR B,ブリヂストン 2022 ツアー ビー シリーズ TOUR Ｂ,ブリヂストン 2022 ツアー ビー シリーズ TOUR,13649,https://thumbnail.image.rakuten.co.jp/@0_mall/golkin/cabinet/athena27/g-bst75921b.jpg,https://hb.afl.rakuten.co.jp/ichiba/38e4bda3.3d4c8086.38e4bda4.cefadc6a/?pc=https%3A%2F%2Fitem.rakuten.co.jp%2Fgolkin%2Fg-bst75921%2F%3Frafcid%3Dwsc_i_is_2309dcb4-5309-490e-b085-4727561221b9&link_type=hybrid_url,,2026-10-04T21:54:21.423684
624,最大10％OFF ブリヂストン BSG BG-100 キャディバッグ付き 11本セット S アイアンスチール BGLSKC クラブセット 2022年,最大10％OFF ブリヂストン BSG BG-100 キャディバッグ付き 11本セット Ｓ アイアンスチール BGLSKC クラブセット 2022年,最大10％OFF ブリヂストン BSG BG-100 キャディバッグ付き 11本セット アイアンスチール BGLSKC クラブセット 2022年,82500,https://thumbnail.image.rakuten.co.jp/@0_mall/alpen/cabinet/img/441/0105550112_18.jpg,https://hb.afl.rakuten.co.jp/ichiba/38e4bda3.3d4c8086.38e4bda4.cefadc6a/?pc=https%3A%2F%2Fitem.rakuten.co.jp%2Falpen%2F0105550112%2F%3Frafcid%3Dwsc_i_is_2309dcb4-5309-490e-b085-4727561221b9&link_type=hybrid_url,"{""set"": ""1W・5W・4U・6I・7I・8I・9I・PW・AW・SW・パター"", ""loft"": ""#7I(度):・28"", ""lie"": ""#7I(度):62"", ""length"": ""#7I(インチ):37.25"", ""balance"": ""#7I:D1"", ""weight"": ""#7I(g):410"", ""material"": ""フェース:6AI-4Vチタン合金"", ""shaft"": ""1W・5W:Diamana for BG-100w""}",2026-10-04T21:54:21.026763
356,ブリヂストンゴルフ NEW TOUR B X／TOUR B XS ( 入) 2026,Bridgestone ブリヂストンゴルフ NEW TOUR Ｂ Ｘ XS 入 2026,Bridgestone ブリヂストンゴルフ NEW TOUR XS 入 2026,18720,https://thumbnail.image.rakuten.co.jp/@0_mall/puresuto/cabinet/cross148/bs-tourbxxs13dz.jpg,https://hb.afl.rakuten.co.jp/ichiba/38e4bda3.3d4c8086.38e4bda4.cefadc6a/?pc=https%3A%2F%2Fitem.rakuten.co.jp%2Fpuresuto%2Fbsg-tourbxxs13dz%2F%3Frafcid%3Dwsc_i_is_2309dcb4-5309-490e-b085-4727561221b9&link_type=hybrid_url,,2026-10-04T21:54:20.936254
352,＼エントリーで最大10万ポイント 9/20 00:00‐9/30 23:59／ 無料オウンネーム対応・ 価格 タイトリスト PRO V1 / PRO V1x 2025,エントリーで最大10万ポイント ９ 20 00 00‐9 30 23 59 無料オウンネーム対応 価格 タイトリスト PRO V1 V1x 2025,エントリーで最大10万ポイント 20 00 00‐9 30 23 59 無料オウンネーム対応 価格 タイトリスト PRO V1 V1x 2025,7370,,https://hb.afl.rakuten.co.jp/ichiba/38e4bda3.3d4c8086.38e4bda4.cefadc6a/?pc=https%3A%2F%2Fitem.rakuten.co.jp%2Fgreenfil%2Ftl25pv112own1%2F%3Frafcid%3Dwsc_i_is_2309dcb4-5309-490e-b085-4727561221b9&link_type=hybrid_url,,2026-10-05T15:50:35.605608
230,PING G440 K ドライバー TOUR 2.0 CHROME 65 2026 G440 K ドライバー ツアー2.0 クロム65,PING G440 Ｋ ドライバー TOUR 2.0 CHROME 65 2026 ツアー2.0 クロム65,PING G440 ドライバー TOUR 2.0 CHROME 65 2026 ツアー2.0 クロム65,118800,https://thumbnail.image.rakuten.co.jp/@0_mall/tsuruyagolf/cabinet/gazou00020/010127070157061.jpg,https://hb.afl.rakuten.co.jp/ichiba/38e4bda3.3d4c8086.38e4bda4.cefadc6a/?pc=https%3A%2F%2Fitem.rakuten.co.jp%2Ftsuruyagolf%2F010127070157061%2F%3Frafcid%3Dwsc_i_is_2309dcb4-5309-490e-b085-4727561221b9&link_type=hybrid_url,,2026-10-04T21:54:20.431070
130,パター ピンパター 購入者満足度◎ レビュー79件超え 型 トライアングル ス コントロール 軟鉄削出しパター / 黒染め仕上げ / 東邦ゴルフ 黒 ALL CNC加工 人気 短尺 32インチ 軟鉄パター 軟鉄鍛造,PING パター ピンパター 購入者満足度◎ レビュー79件超え 型 トライアングル ス コントロール 軟鉄削出しパター 黒染め仕上げ 東邦ゴルフ 黒 ALL CNC加工 人気 短尺 32インチ,PING パター ピンパター 購入者満足度◎ レビュー79件超え 型 トライアングル コントロール 軟鉄削出しパター 黒染め仕上げ 東邦ゴルフ 黒 ALL CNC加工 人気 短尺 32インチ,20900,https://thumbnail.image.rakuten.co.jp/@0_mall/toho-now/cabinet/tmb/tryangle-patter_new.jpg,https://hb.afl.rakuten.co.jp/ichiba/38e4bda3.3d4c8086.38e4bda4.cefadc6a/?pc=https%3A%2F%2Fitem.rakuten.co.jp%2Ftoho-now%2Ftryangle-patter%2F%3Frafcid%3Dwsc_i_is_2309dcb4-5309-490e-b085-4727561221b9&link_type=hybrid_url,,2026-10-04T21:54:20.331885
102,コブラ OPTM MAX-D ドライバー 10.5° オリジナルAIR SPEEDER S Rフレックス ｜ ドライバー,コブラ OPTM MAX-D ドライバー 10.5° オリジナルAIR SPEEDER Ｓ Rフレックス,コブラ OPTM MAX-D ドライバー 10.5° オリジナルAIR SPEEDER Rフレックス,390000,https://thumbnail.image.rakuten.co.jp/@0_mall/f092053-kanuma/cabinet/sasaki/128688-40038062-01.jpg,https://hb.afl.rakuten.co.jp/ichiba/38e4bda3.3d4c8086.38e4bda4.cefadc6a/?pc=https%3A%2F%2Fitem.rakuten.co.jp%2Ff092053-kanuma%2F128688-40038062%2F%3Frafcid%3Dwsc_i_is_2309dcb4-5309-490e-b085-4727561221b9&link_type=hybrid_url,,2026-10-04T21:54:19.049239
367,ブリヂストン TOUR B XS 2026 ツアーXS S6CXJ コーポレート ブリヂストンゴルフ tour b xs 26 BRIDGESTONE TOUR まっすぐ飛ぶ 飛距離 スピン系 3ピース ソフト 贈答品 クリスマス ST・インナーカバー 乗り感 ブリジストン,PING ブリヂストン TOUR Ｂ XS 2026 ツアーXS S6CXJ コーポレート ブリヂストンゴルフ 26 BRIDGESTONE まっすぐ飛ぶ 飛距離 スピン系 3ピース ソフト 贈答品,PING ブリヂストン TOUR XS 2026 ツアーXS S6CXJ コーポレート ブリヂストンゴルフ 26 BRIDGESTONE まっすぐ飛ぶ 飛距離 スピン系 3ピース ソフト 贈答品,5980,https://thumbnail.image.rakuten.co.jp/@0_mall/yasuuribouzu/cabinet/10665943/10940226/10940230/imgrc0128590708.jpg,https://hb.afl.rakuten.co.jp/ichiba/38e4bda3.3d4c8086.38e4bda4.cefadc6a/?pc=https%3A%2F%2Fitem.rakuten.co.jp%2Fyasuuribouzu%2F4547333686335-r54447%2F%3Frafcid%3Dwsc_i_is_2309dcb4-5309-490e-b085-4727561221b9&link_type=hybrid_url,,2026-10-04T21:54:19.034913
113,最大10％OFF テーラーメイド Qi IRON アイアンセット S/ / 本セット,最大10％OFF テーラーメイド Qi IRON アイアンセット Ｓ 本セット,最大10％OFF テーラーメイド Qi IRON アイアンセット 本セット,67900,https://thumbnail.image.rakuten.co.jp/@0_mall/alpen/cabinet/img/678/0135790814_8.jpg,https://hb.afl.rakuten.co.jp/ichiba/38e4bda3.3d4c8086.38e4bda4.cefadc6a/?pc=https%3A%2F%2Fitem.rakuten.co.jp%2Falpen%2F0135790814%2F%3Frafcid%3Dwsc_i_is_2309dcb4-5309-490e-b085-4727561221b9&link_type=hybrid_url,,2026-10-04T21:54:18.225864
122,レビュー120件超え パター マレット タイプ / ピン タイプ / 軟鉄鍛造 ス コントロール 軟鉄削出しパター ALL CNC加工 SCパター要望 人気 golfclub 短尺 32インチ 短尺パター 姫路もの 軟鉄パター 太めのグリップ 軟鉄鍛造 東邦ゴルフ,レビュー120件超え パター マレット タイプ ピン 軟鉄鍛造 ス コントロール 軟鉄削出しパター ALL CNC加工 SCパター要望 人気 golfclub 短尺 32インチ 短尺パター 姫路もの,レビュー120件超え パター マレット タイプ ピン 軟鉄鍛造 コントロール 軟鉄削出しパター ALL CNC加工 SCパター要望 人気 golfclub 短尺 32インチ 短尺パター 姫路もの,20900,https://thumbnail.image.rakuten.co.jp/@0_mall/toho-now/cabinet/tmb/10001948_mainb.jpg,https://hb.afl.rakuten.co.jp/ichiba/38e4bda3.3d4c8086.38e4bda4.cefadc6a/?pc=https%3A%2F%2Fitem.rakuten.co.jp%2Ftoho-now%2F10001948%2F%3Frafcid%3Dwsc_i_is_2309dcb4-5309-490e-b085-4727561221b9&link_type=hybrid_url,,2026-10-04T21:54:17.538405
354,ブリヂストン ツアー B X ［ まとめ買い ］ 飛距離重視 スピン性能 公認球 2026 ブリヂストン TOUR B X,PING ブリヂストン ツアー Ｂ Ｘ まとめ買い 飛距離重視 スピン性能 公認球 2026 TOUR,PING ブリヂストン ツアー まとめ買い 飛距離重視 スピン性能 公認球 2026 TOUR,12474,https://thumbnail.image.rakuten.co.jp/@0_mall/tsuruyagolf/cabinet/gazou00021/060128112600007s2.jpg,https://hb.afl.rakuten.co.jp/ichiba/38e4bda3.3d4c8086.38e4bda4.cefadc6a/?pc=https%3A%2F%2Fitem.rakuten.co.jp%2Ftsuruyagolf%2F060128112600007s2%2F%3Frafcid%3Dwsc_i_is_2309dcb4-5309-490e-b085-4727561221b9&link_type=hybrid_url,,2026-10-04T21:54:16.929014
234,ー ピン G430 MAX 10K ドライバー ALTA J CB BLACK G430 MAX テンケイ,ピン G430 MAX 10K ドライバー ALTA Ｊ CB BLACK テンケイ,ピン G430 MAX 10K ドライバー ALTA CB BLACK テンケイ,69300,https://thumbnail.image.rakuten.co.jp/@0_mall/tsuruyagolf/cabinet/gazou00002/010127070006201.jpg,https://hb.afl.rakuten.co.jp/ichiba/38e4bda3.3d4c8086.38e4bda4.cefadc6a/?pc=https%3A%2F%2Fitem.rakuten.co.jp%2Ftsuruyagolf%2F010127070006201%2F%3Frafcid%3Dwsc_i_is_2309dcb4-5309-490e-b085-4727561221b9&link_type=hybrid_url,,2026-10-04T21:54:16.835693
361,ブリヂストン 26 ツアーB X 飛距離性能 スピン 公認球 上級者向け 2026,PING ブリヂストン 26 ツアーB Ｘ 飛距離性能 スピン 公認球 上級者向け 2026,PING ブリヂストン 26 ツアーB 飛距離性能 スピン 公認球 上級者向け 2026,6930,https://thumbnail.image.rakuten.co.jp/@0_mall/tsuruyagolf/cabinet/gazou00018/060128112600007.jpg,https://hb.afl.rakuten.co.jp/ichiba/38e4bda3.3d4c8086.38e4bda4.cefadc6a/?pc=https%3A%2F%2Fitem.rakuten.co.jp%2Ftsuruyagolf%2F060128112600007%2F%3Frafcid%3Dwsc_i_is_2309dcb4-5309-490e-b085-4727561221b9&link_type=hybrid_url,,2026-10-04T21:54:16.826370
366,ブリヂストン 2022 ツアー B シリーズ TOUR B ツアービー,ブリヂストン 2022 ツアー Ｂ シリーズ TOUR ツアービー,ブリヂストン 2022 ツアー シリーズ TOUR ツアービー,4280,https://thumbnail.image.rakuten.co.jp/@0_mall/golkin/cabinet/athena27/g-bst75874b.jpg,https://hb.afl.rakuten.co.jp/ichiba/38e4bda3.3d4c8086.38e4bda4.cefadc6a/?pc=https%3A%2F%2Fitem.rakuten.co.jp%2Fgolkin%2Fg-bst75874%2F%3Frafcid%3Dwsc_i_is_2309dcb4-5309-490e-b085-4727561221b9&link_type=hybrid_url,,2026-10-04T21:54:16.437552
364,ブリヂストン TOUR B XS 2026 入,ブリヂストン TOUR Ｂ XS 2026 入,ブリヂストン TOUR XS 2026 入,5980,https://thumbnail.image.rakuten.co.jp/@0_mall/z-sports123/cabinet/imgrc0112378443.jpg,https://hb.afl.rakuten.co.jp/ichiba/38e4bda3.3d4c8086.38e4bda4.cefadc6a/?pc=https%3A%2F%2Fitem.rakuten.co.jp%2Fz-sports123%2F10001001%2F%3Frafcid%3Dwsc_i_is_2309dcb4-5309-490e-b085-4727561221b9&link_type=hybrid_url,,2026-10-04T21:54:16.342151
558,ボイスキャディ Laser FIT 2 フロスト レーザーフィット2 レーザー距離計,ボイスキャディ Laser FIT ２ フロスト レーザーフィット2 レーザー距離計,ボイスキャディ Laser FIT フロスト レーザーフィット2 レーザー距離計,37400,https://thumbnail.image.rakuten.co.jp/@0_mall/homeshop/cabinet/sports33/0860-wak-0066_1.jpg,https://hb.afl.rakuten.co.jp/ichiba/38e4bda3.3d4c8086.38e4bda4.cefadc6a/?pc=https%3A%2F%2Fitem.rakuten.co.jp%2Fhomeshop%2F0860-wak-0066%2F%3Frafcid%3Dwsc_i_is_2309dcb4-5309-490e-b085-4727561221b9&link_type=hybrid_url,,2026-10-04T21:54:16.125336
255,ピン BLUEPRINT S アイアン PROJECT X 5I PW(6本セット) プリント スコア 青写真,ピン BLUEPRINT Ｓ アイアン PROJECT Ｘ 5I PW 6本セット プリント スコア 青写真,ピン BLUEPRINT アイアン PROJECT 5I PW 6本セット プリント スコア 青写真,199560,https://thumbnail.image.rakuten.co.jp/@0_mall/auc-golf-wizard/cabinet/s01/blueprints-proj01.jpg,https://hb.afl.rakuten.co.jp/ichiba/38e4bda3.3d4c8086.38e4bda4.cefadc6a/?pc=https%3A%2F%2Fitem.rakuten.co.jp%2Fauc-golf-wizard%2Fblueprints-proj-2%2F%3Frafcid%3Dwsc_i_is_2309dcb4-5309-490e-b085-4727561221b9&link_type=hybrid_url,,2026-10-04T21:54:15.634328
641,エントリーで週末 ピン G LE3 ULT250J アイアン 5本セット ＃7−W，SW 女性用,エントリーで週末 ピン Ｇ LE3 ULT250J アイアン 5本セット ＃7−W SW 女性用,エントリーで週末 ピン LE3 ULT250J アイアン 5本セット ＃7−W SW 女性用,88000,https://thumbnail.image.rakuten.co.jp/@0_mall/jopro/cabinet/product01222/010227070006455_1.jpg,https://hb.afl.rakuten.co.jp/ichiba/38e4bda3.3d4c8086.38e4bda4.cefadc6a/?pc=https%3A%2F%2Fitem.rakuten.co.jp%2Fjopro%2F010227070006455%2F%3Frafcid%3Dwsc_i_is_2309dcb4-5309-490e-b085-4727561221b9&link_type=hybrid_url,"{""material"": ""17-4ステンレススチール(ボディ)"", ""shaft"": ""PING ULT 250 J CARBON"", ""set"": ""#7 / #8 / #9 / PW / SW"", ""flex"": ""FLEX-L /"", ""loft"": ""29.5 35 41 46 56"", ""lie"": ""62 62.8 63.5 64.1 64.4"", ""balance"": ""C2(#7L)"", ""weight"": ""約328(L)""}",2026-10-04T21:54:15.342722
643,BRIDGESTONE TOUR B Xシリーズ MINDSET マインドセット 2026 (12個入),BRIDGESTONE TOUR Ｂ Xシリーズ MINDSET マインドセット 2026 12個入,BRIDGESTONE TOUR Xシリーズ MINDSET マインドセット 2026 12個入,5790,https://thumbnail.image.rakuten.co.jp/@0_mall/ezaki-g/cabinet/bridgestone_ball/tbx26-ms-01.jpg,https://hb.afl.rakuten.co.jp/ichiba/38e4bda3.3d4c8086.38e4bda4.cefadc6a/?pc=https%3A%2F%2Fitem.rakuten.co.jp%2Fezaki-g%2Fbs-tourb-xxs-ms%2F%3Frafcid%3Dwsc_i_is_2309dcb4-5309-490e-b085-4727561221b9&link_type=hybrid_url,,2026-10-04T21:54:15.231070
428,BRIDGESTONE TOURB X 年式混合 ロスト,BRIDGESTONE TOURB Ｘ 年式混合 ロスト,BRIDGESTONE TOURB 年式混合 ロスト,3280,https://thumbnail.image.rakuten.co.jp/@0_mall/golfsennin/cabinet/imgrc0104618594.jpg,https://hb.afl.rakuten.co.jp/ichiba/38e4bda3.3d4c8086.38e4bda4.cefadc6a/?pc=https%3A%2F%2Fitem.rakuten.co.jp%2Fgolfsennin%2Fa32019902%2F%3Frafcid%3Dwsc_i_is_2309dcb4-5309-490e-b085-4727561221b9&link_type=hybrid_url,,2026-10-04T21:54:15.043959
642,ピン G740 アイアン G740 IRON 純正 ALTA J CB BLUE TOUR 2.0 CHROME I カーボン AWT 3.0 LITE スチール ピンゴルフ 単品 2本セット 3本セット 4本セット 5本セット 6本セット 7本セット 8本セット 9本セット 右用 左用 右利き 左利き,ピン G740 アイアン IRON 純正 ALTA Ｊ CB BLUE TOUR 2.0 CHROME Ｉ カーボン AWT 3.0 LITE スチール ピンゴルフ 単品 2本セット 3本セット,ピン G740 アイアン IRON 純正 ALTA CB BLUE TOUR 2.0 CHROME カーボン AWT 3.0 LITE スチール ピンゴルフ 単品 2本セット 3本セット 4本セット,31900,https://thumbnail.image.rakuten.co.jp/@0_mall/kensgolf/cabinet/01923800/02488303/imgrc0127531384.jpg,https://hb.afl.rakuten.co.jp/ichiba/38e4bda3.3d4c8086.38e4bda4.cefadc6a/?pc=https%3A%2F%2Fitem.rakuten.co.jp%2Fkensgolf%2F100120%2F%3Frafcid%3Dwsc_i_is_2309dcb4-5309-490e-b085-4727561221b9&link_type=hybrid_url,"{""lie"": ""調整時""}",2026-10-04T21:54:15.037090
358,ブリヂストン ツアーB ツアービー 2024 入 BALL TOUR B X XS RX RXS MindSet ウレタンカバー 3ピース構造 USモデル 並行輸入 USA直輸入品,ブリヂストン ツアーB ツアービー 2024 入 BALL TOUR Ｂ Ｘ XS RX RXS MindSet ウレタンカバー 3ピース構造 USモデル 並行輸入 USA直輸入品,ブリヂストン ツアーB ツアービー 2024 入 BALL TOUR XS RX RXS MindSet ウレタンカバー 3ピース構造 USモデル 並行輸入 USA直輸入品,4980,https://thumbnail.image.rakuten.co.jp/@0_mall/jeep/cabinet/10656217/imgrc0182902292.jpg,https://hb.afl.rakuten.co.jp/ichiba/38e4bda3.3d4c8086.38e4bda4.cefadc6a/?pc=https%3A%2F%2Fitem.rakuten.co.jp%2Fjeep%2F100101990215%2F%3Frafcid%3Dwsc_i_is_2309dcb4-5309-490e-b085-4727561221b9&link_type=hybrid_url,,2026-10-04T21:54:14.943844
220,PING G440 K ドライバー ALTA TOUR2.0 CHROME BLACK SPD NX GREY ｜ 過去最大のMOI｜ブレない飛び／薄型フェース＆重心設計｜左右 日本仕様 純正,PING G440 Ｋ ドライバー ALTA TOUR2.0 CHROME BLACK SPD NX GREY 過去最大のMOI ブレない飛び 薄型フェース＆重心設計 左右 日本仕様 純正,PING G440 ドライバー ALTA TOUR2.0 CHROME BLACK SPD NX GREY 過去最大のMOI ブレない飛び 薄型フェース＆重心設計 左右 日本仕様 純正,118800,https://thumbnail.image.rakuten.co.jp/@0_mall/gruppe-golf/cabinet/club/ping/g440k/g440d-k-m01.jpg,https://hb.afl.rakuten.co.jp/ichiba/38e4bda3.3d4c8086.38e4bda4.cefadc6a/?pc=https%3A%2F%2Fitem.rakuten.co.jp%2Fgruppe-golf%2Fg440d-k-c001%2F%3Frafcid%3Dwsc_i_is_2309dcb4-5309-490e-b085-4727561221b9&link_type=hybrid_url,,2026-10-04T21:54:14.731984
250,ー ピン プリント S アイアン 5本セット TOUR115 BLUE PRINT S アイアンセット,ピン プリント Ｓ アイアン 5本セット TOUR115 BLUE PRINT アイアンセット,ピン プリント アイアン 5本セット TOUR115 BLUE PRINT アイアンセット,181500,https://thumbnail.image.rakuten.co.jp/@0_mall/jopro/cabinet/gazou00002/010227070059605.jpg,https://hb.afl.rakuten.co.jp/ichiba/38e4bda3.3d4c8086.38e4bda4.cefadc6a/?pc=https%3A%2F%2Fitem.rakuten.co.jp%2Fjopro%2F010227070059605%2F%3Frafcid%3Dwsc_i_is_2309dcb4-5309-490e-b085-4727561221b9&link_type=hybrid_url,,2026-10-04T21:54:14.530968
251,ピン BLUEPRINT S アイアン neo 6I PW(5本セット) プリント スコア 青写真,ピン BLUEPRINT Ｓ アイアン neo 6I PW 5本セット プリント スコア 青写真,ピン BLUEPRINT アイアン neo 6I PW 5本セット プリント スコア 青写真,145200,https://thumbnail.image.rakuten.co.jp/@0_mall/auc-golf-wizard/cabinet/s01/blueprints-ns850n01.jpg,https://hb.afl.rakuten.co.jp/ichiba/38e4bda3.3d4c8086.38e4bda4.cefadc6a/?pc=https%3A%2F%2Fitem.rakuten.co.jp%2Fauc-golf-wizard%2Fblueprints-ns850n-1%2F%3Frafcid%3Dwsc_i_is_2309dcb4-5309-490e-b085-4727561221b9&link_type=hybrid_url,,2026-10-04T21:54:14.344269
223,PING G440 K ドライバー ALTA J CB BLUE 2026,PING G440 Ｋ ドライバー ALTA Ｊ CB BLUE 2026,PING G440 ドライバー ALTA CB BLUE 2026,118800,https://thumbnail.image.rakuten.co.jp/@0_mall/tsuruyagolf/cabinet/gazou00020/010127070157001.jpg,https://hb.afl.rakuten.co.jp/ichiba/38e4bda3.3d4c8086.38e4bda4.cefadc6a/?pc=https%3A%2F%2Fitem.rakuten.co.jp%2Ftsuruyagolf%2F010127070157001%2F%3Frafcid%3Dwsc_i_is_2309dcb4-5309-490e-b085-4727561221b9&link_type=hybrid_url,,2026-10-04T21:54:13.831528
322,Qi アイアンセット 5本組(#6-PW) S テーラーメイド,Qi アイアンセット 5本組 #6-PW Ｓ テーラーメイド,Qi アイアンセット 5本組 #6-PW テーラーメイド,69300,https://thumbnail.image.rakuten.co.jp/@0_mall/premoa/cabinet/pics/714/0-4570095566058.jpg,https://hb.afl.rakuten.co.jp/ichiba/38e4bda3.3d4c8086.38e4bda4.cefadc6a/?pc=https%3A%2F%2Fitem.rakuten.co.jp%2Fpremoa%2F4570095566058%2F%3Frafcid%3Dwsc_i_is_2309dcb4-5309-490e-b085-4727561221b9&link_type=hybrid_url,,2026-10-04T21:54:13.735330
363,ブリヂストン TOUR B X 2026 ツアーX B6WXJ ブリヂストンゴルフ tour b x 26 BRIDGESTONE TOUR まっすぐ飛ぶ 飛距離 スピン系 3ピース ソフト 贈答品 クリスマス ST・インナーカバー 乗り感 ブリジストン,PING ブリヂストン TOUR Ｂ Ｘ 2026 ツアーX B6WXJ ブリヂストンゴルフ 26 BRIDGESTONE まっすぐ飛ぶ 飛距離 スピン系 3ピース ソフト 贈答品 クリスマス ST,PING ブリヂストン TOUR 2026 ツアーX B6WXJ ブリヂストンゴルフ 26 BRIDGESTONE まっすぐ飛ぶ 飛距離 スピン系 3ピース ソフト 贈答品 クリスマス ST,5980,https://thumbnail.image.rakuten.co.jp/@0_mall/yasuuribouzu/cabinet/10665943/10940226/10940230/11.jpg,https://hb.afl.rakuten.co.jp/ichiba/38e4bda3.3d4c8086.38e4bda4.cefadc6a/?pc=https%3A%2F%2Fitem.rakuten.co.jp%2Fyasuuribouzu%2F4547333686281-r54447%2F%3Frafcid%3Dwsc_i_is_2309dcb4-5309-490e-b085-4727561221b9&link_type=hybrid_url,,2026-10-04T21:54:13.729494
239,ピン G440 アイアン G440 IRON 純正 ALTA J CB BLUE TOUR 2.0 CHROME I カーボン 1本 3本 4本 5本 6本 セット g440 iron ジー440 G440アイアン G440IRON 日本仕様 右用 左用 レフト ー アイアンセット 単品アイアン,ピン G440 アイアン IRON 純正 ALTA Ｊ CB BLUE TOUR 2.0 CHROME Ｉ カーボン 1本 3本 4本 5本 6本 セット ジー440 G440アイアン,ピン G440 アイアン IRON 純正 ALTA CB BLUE TOUR 2.0 CHROME カーボン 1本 3本 4本 5本 6本 セット ジー440 G440アイアン G440IRON,31900,https://thumbnail.image.rakuten.co.jp/@0_mall/kensgolf/cabinet/01923800/07350363/imgrc0111848034.jpg,https://hb.afl.rakuten.co.jp/ichiba/38e4bda3.3d4c8086.38e4bda4.cefadc6a/?pc=https%3A%2F%2Fitem.rakuten.co.jp%2Fkensgolf%2F10006864%2F%3Frafcid%3Dwsc_i_is_2309dcb4-5309-490e-b085-4727561221b9&link_type=hybrid_url,,2026-10-04T21:54:13.630985
290,9/25限定 抽選で最大100％Pバック テーラーメイド P770 24 #6-P DG Mid115 S アイアンセット Dynamic GOLD MID 115 5本セット 2024,９ 25限定 抽選で最大100％Pバック テーラーメイド P770 24 #6-P DG Mid115 Ｓ アイアンセット Dynamic GOLD MID 115 5本セット 2024,25限定 抽選で最大100％Pバック テーラーメイド P770 24 #6-P DG Mid115 アイアンセット Dynamic GOLD MID 115 5本セット 2024,105000,https://thumbnail.image.rakuten.co.jp/@0_mall/alpen/cabinet/img/758/6302790014_7.jpg,https://hb.afl.rakuten.co.jp/ichiba/38e4bda3.3d4c8086.38e4bda4.cefadc6a/?pc=https%3A%2F%2Fitem.rakuten.co.jp%2Falpen%2F6302790014%2F%3Frafcid%3Dwsc_i_is_2309dcb4-5309-490e-b085-4727561221b9&link_type=hybrid_url,,2026-10-04T21:54:13.540284
324,テーラーメイド Qi アイアンセット 5本組(#6-PW) S,テーラーメイド Qi アイアンセット 5本組 #6-PW Ｓ,テーラーメイド Qi アイアンセット 5本組 #6-PW,69300,https://thumbnail.image.rakuten.co.jp/@0_mall/a-price/cabinet/pics/714/0-4570095566058.jpg,https://hb.afl.rakuten.co.jp/ichiba/38e4bda3.3d4c8086.38e4bda4.cefadc6a/?pc=https%3A%2F%2Fitem.rakuten.co.jp%2Fa-price%2F4570095566058%2F%3Frafcid%3Dwsc_i_is_2309dcb4-5309-490e-b085-4727561221b9&link_type=hybrid_url,,2026-10-04T21:54:13.328550
221,ピン G440 MAX ドライバー ALTA J CB BLUE,ピン G440 MAX ドライバー ALTA Ｊ CB BLUE,ピン G440 MAX ドライバー ALTA CB BLUE,107800,https://thumbnail.image.rakuten.co.jp/@0_mall/victoriagolf/cabinet/1/3930102_00/8781680_main_m.jpg,https://hb.afl.rakuten.co.jp/ichiba/38e4bda3.3d4c8086.38e4bda4.cefadc6a/?pc=https%3A%2F%2Fitem.rakuten.co.jp%2Fvictoriagolf%2F108781680014%2F%3Frafcid%3Dwsc_i_is_2309dcb4-5309-490e-b085-4727561221b9&link_type=hybrid_url,,2026-10-04T21:54:12.825657
94,BRIDGESTONE PHYZ 5 ファイズ (12個入),BRIDGESTONE PHYZ ５ ファイズ 12個入,BRIDGESTONE PHYZ ファイズ 12個入,6280,https://thumbnail.image.rakuten.co.jp/@0_mall/ezaki-g/cabinet/pp0028/phyz5-b-08.jpg,https://hb.afl.rakuten.co.jp/ichiba/38e4bda3.3d4c8086.38e4bda4.cefadc6a/?pc=https%3A%2F%2Fitem.rakuten.co.jp%2Fezaki-g%2Fbs-b-phyz5%2F%3Frafcid%3Dwsc_i_is_2309dcb4-5309-490e-b085-4727561221b9&link_type=hybrid_url,,2026-10-04T21:54:12.740614
137,BRIDGESTONE TOUR B JGR Roll-in Alignment ロールイン アライメント (12個入) 2026,BRIDGESTONE TOUR Ｂ JGR Roll-in Alignment ロールイン アライメント 12個入 2026,BRIDGESTONE TOUR JGR Roll-in Alignment ロールイン アライメント 12個入 2026,6380,https://thumbnail.image.rakuten.co.jp/@0_mall/ezaki-g/cabinet/bridgestone_ball/jgr-ra-01.jpg,https://hb.afl.rakuten.co.jp/ichiba/38e4bda3.3d4c8086.38e4bda4.cefadc6a/?pc=https%3A%2F%2Fitem.rakuten.co.jp%2Fezaki-g%2Fbs-b-tourbjgr-ra%2F%3Frafcid%3Dwsc_i_is_2309dcb4-5309-490e-b085-4727561221b9&link_type=hybrid_url,,2026-10-04T21:54:12.544098
245,PING i540 アイアン 5本セット TOUR 2.0 CHROME I,PING i540 アイアン 5本セット TOUR 2.0 CHROME Ｉ,PING i540 アイアン 5本セット TOUR 2.0 CHROME,209000,https://thumbnail.image.rakuten.co.jp/@0_mall/ag-golfstore/cabinet/images/shohin101/81962.jpg,https://hb.afl.rakuten.co.jp/ichiba/38e4bda3.3d4c8086.38e4bda4.cefadc6a/?pc=https%3A%2F%2Fitem.rakuten.co.jp%2Fag-golfstore%2F131-26-i540-5i-tc%2F%3Frafcid%3Dwsc_i_is_2309dcb4-5309-490e-b085-4727561221b9&link_type=hybrid_url,,2026-10-04T21:54:12.223249
123,クリーブランド HB SOFT 2 #11 センター パター オリジナル,クリーブランド HB SOFT ２ #11 センター パター オリジナル,クリーブランド HB SOFT #11 センター パター オリジナル,13860,https://thumbnail.image.rakuten.co.jp/@0_mall/atomicgolf/cabinet/itemimg0254/2401-wmmp.jpg,https://hb.afl.rakuten.co.jp/ichiba/38e4bda3.3d4c8086.38e4bda4.cefadc6a/?pc=https%3A%2F%2Fitem.rakuten.co.jp%2Fatomicgolf%2F2401-wmmp%2F%3Frafcid%3Dwsc_i_is_2309dcb4-5309-490e-b085-4727561221b9&link_type=hybrid_url,,2026-10-04T21:54:11.439084
78,L.A.B. GOLF/ラブゴルフDirected Force 3 ダイレクトフォース3DF3 パター ディレクテッドフォース ゼロトルク トルクフリー ライ角バランスパター,L.A.B Golf L.A.B. GOLF ラブゴルフDirected Force ３ ダイレクトフォース3DF3 パター ディレクテッドフォース ゼロトルク トルクフリー ライ角バランスパター,L.A.B Golf L.A.B. GOLF ラブゴルフDirected Force ダイレクトフォース3DF3 パター ディレクテッドフォース ゼロトルク トルクフリー ライ角バランスパター,99000,https://thumbnail.image.rakuten.co.jp/@0_mall/htcgolf/cabinet/labgolf/df3_main.jpg,https://hb.afl.rakuten.co.jp/ichiba/38e4bda3.3d4c8086.38e4bda4.cefadc6a/?pc=https%3A%2F%2Fitem.rakuten.co.jp%2Fhtcgolf%2Flabdf3%2F%3Frafcid%3Dwsc_i_is_2309dcb4-5309-490e-b085-4727561221b9&link_type=hybrid_url,,2026-10-04T21:54:11.424841
429,フットジョイ グローブ ツアーグリップ FGTG26WT 1 5枚セット対応,フットジョイ グローブ ツアーグリップ FGTG26WT １ 5枚セット対応,フットジョイ グローブ ツアーグリップ FGTG26WT 5枚セット対応,2790,https://thumbnail.image.rakuten.co.jp/@0_mall/golfshopway/cabinet/fgtg26-1.jpg,https://hb.afl.rakuten.co.jp/ichiba/38e4bda3.3d4c8086.38e4bda4.cefadc6a/?pc=https%3A%2F%2Fitem.rakuten.co.jp%2Fgolfshopway%2Ffgtg26%2F%3Frafcid%3Dwsc_i_is_2309dcb4-5309-490e-b085-4727561221b9&link_type=hybrid_url,,2026-10-04T21:54:11.224247
227,PING G440 SFT ドライバー ALTA J CB BLUE,PING G440 SFT ドライバー ALTA Ｊ CB BLUE,PING G440 SFT ドライバー ALTA CB BLUE,107800,https://thumbnail.image.rakuten.co.jp/@0_mall/tsuruyagolf/cabinet/g440_mainphoto/010127070151401.jpg,https://hb.afl.rakuten.co.jp/ichiba/38e4bda3.3d4c8086.38e4bda4.cefadc6a/?pc=https%3A%2F%2Fitem.rakuten.co.jp%2Ftsuruyagolf%2F010127070151401%2F%3Frafcid%3Dwsc_i_is_2309dcb4-5309-490e-b085-4727561221b9&link_type=hybrid_url,,2026-10-04T21:54:11.127710
222,PING G440 MAX ドライバー ALTA J CB BLUE,PING G440 MAX ドライバー ALTA Ｊ CB BLUE,PING G440 MAX ドライバー ALTA CB BLUE,107800,https://thumbnail.image.rakuten.co.jp/@0_mall/tsuruyagolf/cabinet/g440_mainphoto/010127070150001.jpg,https://hb.afl.rakuten.co.jp/ichiba/38e4bda3.3d4c8086.38e4bda4.cefadc6a/?pc=https%3A%2F%2Fitem.rakuten.co.jp%2Ftsuruyagolf%2F010127070150001%2F%3Frafcid%3Dwsc_i_is_2309dcb4-5309-490e-b085-4727561221b9&link_type=hybrid_url,,2026-10-04T21:54:10.031464
422,ダンロップ スリクソン Z-FORGED II アイアン 6本組(5-9、PW) ダイナミック DST ゼット フォージド 2 Z FORGED 2 アイアンセット TRUE TEMPER(トゥルーテンパー),ダンロップ スリクソン Z-FORGED II アイアン 6本組 5-9 PW ダイナミック DST ゼット フォージド ２ Ｚ FORGED アイアンセット TRUE TEMPER トゥルーテンパー,ダンロップ スリクソン Z-FORGED II アイアン 6本組 5-9 PW ダイナミック DST ゼット フォージド FORGED アイアンセット TRUE TEMPER トゥルーテンパー,92000,https://thumbnail.image.rakuten.co.jp/@0_mall/powergolf/cabinet/2023/dunlop/2bmzf2irsetdg-1.jpg,https://hb.afl.rakuten.co.jp/ichiba/38e4bda3.3d4c8086.38e4bda4.cefadc6a/?pc=https%3A%2F%2Fitem.rakuten.co.jp%2Fpowergolf%2F2bmzf2irsetdg%2F%3Frafcid%3Dwsc_i_is_2309dcb4-5309-490e-b085-4727561221b9&link_type=hybrid_url,,2026-10-04T21:54:09.943061
627,まとめ買いダンロップスリクソン Z-STARシリーズ 12個入り「DUNLOP Z-STAR 9 Z-STAR XV 9 2025」2025,Srixon まとめ買いダンロップスリクソン Z-STARシリーズ 12個入り DUNLOP Z-STAR ９ XV 2025,Srixon まとめ買いダンロップスリクソン Z-STARシリーズ 12個入り DUNLOP Z-STAR XV 2025,16480,https://thumbnail.image.rakuten.co.jp/@0_mall/ezansu-golf/cabinet/10340829/11273236/zstar4.jpg,https://hb.afl.rakuten.co.jp/ichiba/38e4bda3.3d4c8086.38e4bda4.cefadc6a/?pc=https%3A%2F%2Fitem.rakuten.co.jp%2Fezansu-golf%2F10003823%2F%3Frafcid%3Dwsc_i_is_2309dcb4-5309-490e-b085-4727561221b9&link_type=hybrid_url,,2026-10-04T21:54:09.237644
131,BRIDGESTONE TOUR B JGR ツアービージェイジーアール (12個入) 2025モデル,BRIDGESTONE TOUR Ｂ JGR ツアービージェイジーアール 12個入 2025モデル,BRIDGESTONE TOUR JGR ツアービージェイジーアール 12個入 2025モデル,6380,https://thumbnail.image.rakuten.co.jp/@0_mall/ezaki-g/cabinet/bridgestone_ball/jgr25-b-001.jpg,https://hb.afl.rakuten.co.jp/ichiba/38e4bda3.3d4c8086.38e4bda4.cefadc6a/?pc=https%3A%2F%2Fitem.rakuten.co.jp%2Fezaki-g%2Fbs-b-tourbjgr%2F%3Frafcid%3Dwsc_i_is_2309dcb4-5309-490e-b085-4727561221b9&link_type=hybrid_url,,2026-10-04T21:54:08.737585
639,エントリーで週末 ブリヂストン ツアー B XS ［ まとめ買い ］ 飛距離重視 スピン性能 公認球 2026 ブリヂストン TOUR B XS,PING エントリーで週末 ブリヂストン ツアー Ｂ XS まとめ買い 飛距離重視 スピン性能 公認球 2026 TOUR,PING エントリーで週末 ブリヂストン ツアー XS まとめ買い 飛距離重視 スピン性能 公認球 2026 TOUR,12474,https://thumbnail.image.rakuten.co.jp/@0_mall/jopro/cabinet/gazou00021/060128112600307s2.jpg,https://hb.afl.rakuten.co.jp/ichiba/38e4bda3.3d4c8086.38e4bda4.cefadc6a/?pc=https%3A%2F%2Fitem.rakuten.co.jp%2Fjopro%2F060128112600307s2%2F%3Frafcid%3Dwsc_i_is_2309dcb4-5309-490e-b085-4727561221b9&link_type=hybrid_url,"{""construction"": ""3ピース""}",2026-10-04T21:54:07.934286
622,ピン G440 K ドライバー TOUR 2.0 CHROME 65,ピン G440 Ｋ ドライバー TOUR 2.0 CHROME 65,ピン G440 ドライバー TOUR 2.0 CHROME 65,118800,https://thumbnail.image.rakuten.co.jp/@0_mall/victoriagolf/cabinet/1/3930102_00/9015026_main_m.jpg,https://hb.afl.rakuten.co.jp/ichiba/38e4bda3.3d4c8086.38e4bda4.cefadc6a/?pc=https%3A%2F%2Fitem.rakuten.co.jp%2Fvictoriagolf%2F109015026014%2F%3Frafcid%3Dwsc_i_is_2309dcb4-5309-490e-b085-4727561221b9&link_type=hybrid_url,"{""shaft"": ""PING TOUR 2.0 CHROME 65"", ""loft"": ""9.0左右:右フレックス:R長さ:45.25ライ角(°):59.5ヘッド素材""}",2026-10-04T21:54:07.444078
633,エントリーで週末 PING G440 K ドライバー TOUR 2.0 CHROME 65 2026 G440 K ドライバー ツアー2.0 クロム65,エントリーで週末 PING G440 Ｋ ドライバー TOUR 2.0 CHROME 65 2026 ツアー2.0 クロム65,エントリーで週末 PING G440 ドライバー TOUR 2.0 CHROME 65 2026 ツアー2.0 クロム65,118800,https://thumbnail.image.rakuten.co.jp/@0_mall/jopro/cabinet/gazou00020/010127070157061.jpg,https://hb.afl.rakuten.co.jp/ichiba/38e4bda3.3d4c8086.38e4bda4.cefadc6a/?pc=https%3A%2F%2Fitem.rakuten.co.jp%2Fjopro%2F010127070157061%2F%3Frafcid%3Dwsc_i_is_2309dcb4-5309-490e-b085-4727561221b9&link_type=hybrid_url,"{""shaft"": ""PING TOUR 2.0 CHROME 65 CARBON"", ""flex"": ""FLEX-R /"", ""loft"": ""9 10.5 12"", ""lie"": ""59.5"", ""head_volume"": ""460""}",2026-10-04T21:54:07.431413
248,ピン プリント S アイアン セット BLUEPRINT S,ピン プリント Ｓ アイアン セット BLUEPRINT,ピン プリント アイアン セット BLUEPRINT,181500,https://thumbnail.image.rakuten.co.jp/@0_mall/nankai-golf/cabinet/01653182/ping/blueprint-2024/blueprint-s-m1.jpg,https://hb.afl.rakuten.co.jp/ichiba/38e4bda3.3d4c8086.38e4bda4.cefadc6a/?pc=https%3A%2F%2Fitem.rakuten.co.jp%2Fnankai-golf%2Fblueprint-s-irset%2F%3Frafcid%3Dwsc_i_is_2309dcb4-5309-490e-b085-4727561221b9&link_type=hybrid_url,,2026-10-04T21:54:07.324932
95,PING G440 K ドライバー ヘッド 単品,PING G440 Ｋ ドライバー ヘッド 単品,PING G440 ドライバー ヘッド 単品,70800,https://thumbnail.image.rakuten.co.jp/@0_mall/golfshopsingle72/cabinet/13016726/13016728/imgrc0109126322.jpg,https://hb.afl.rakuten.co.jp/ichiba/38e4bda3.3d4c8086.38e4bda4.cefadc6a/?pc=https%3A%2F%2Fitem.rakuten.co.jp%2Fgolfshopsingle72%2Fpingg440kheadtanpin%2F%3Frafcid%3Dwsc_i_is_2309dcb4-5309-490e-b085-4727561221b9&link_type=hybrid_url,,2026-10-04T21:54:06.844448
298,9/25限定 抽選で最大100％Pバック ゼクシオ X エックス カスタム ドライバー 2024 ドライバー SPEEDER NX BK S 2024年 ダンロップ,９ 25限定 抽選で最大100％Pバック ゼクシオ Ｘ エックス カスタム ドライバー 2024 SPEEDER NX BK Ｓ 2024年 ダンロップ,25限定 抽選で最大100％Pバック ゼクシオ エックス カスタム ドライバー 2024 SPEEDER NX BK 2024年 ダンロップ,39999,https://thumbnail.image.rakuten.co.jp/@0_mall/alpen/cabinet/img/681/0146562814_9.jpg,https://hb.afl.rakuten.co.jp/ichiba/38e4bda3.3d4c8086.38e4bda4.cefadc6a/?pc=https%3A%2F%2Fitem.rakuten.co.jp%2Falpen%2F0146562814%2F%3Frafcid%3Dwsc_i_is_2309dcb4-5309-490e-b085-4727561221b9&link_type=hybrid_url,,2026-10-04T21:54:06.432446
365,ブリヂストンゴルフ TOUR B XS 2024 ツアービー 3ピース,Bridgestone ブリヂストンゴルフ TOUR Ｂ XS 2024 ツアービー 3ピース,Bridgestone ブリヂストンゴルフ TOUR XS 2024 ツアービー 3ピース,5950,https://thumbnail.image.rakuten.co.jp/@0_mall/chronus/cabinet/10877471/compass1727232958.jpg,https://hb.afl.rakuten.co.jp/ichiba/38e4bda3.3d4c8086.38e4bda4.cefadc6a/?pc=https%3A%2F%2Fitem.rakuten.co.jp%2Fchronus%2F4547-333549333%2F%3Frafcid%3Dwsc_i_is_2309dcb4-5309-490e-b085-4727561221b9&link_type=hybrid_url,,2026-10-04T21:54:06.425362
284,ピン i240 アイアン i240 iron 純正 ALTA J CB BLUE TOUR 2.0 CHROME I カーボン 1本 3本 4本 5本 6本 7本 セット I240 IRON ツアー アイ240アイアン I240アイアン I230後継モデル 日本仕様 右用 左用 レフト ー アイアンセット 単品アイアン,ピン i240 アイアン iron 純正 ALTA Ｊ CB BLUE TOUR 2.0 CHROME Ｉ カーボン 1本 3本 4本 5本 6本 7本 セット ツアー アイ240アイアン,ピン i240 アイアン iron 純正 ALTA CB BLUE TOUR 2.0 CHROME カーボン 1本 3本 4本 5本 6本 7本 セット ツアー アイ240アイアン I240アイアン,34100,https://thumbnail.image.rakuten.co.jp/@0_mall/kensgolf/cabinet/01923800/07350363/imgrc0114466216.jpg,https://hb.afl.rakuten.co.jp/ichiba/38e4bda3.3d4c8086.38e4bda4.cefadc6a/?pc=https%3A%2F%2Fitem.rakuten.co.jp%2Fkensgolf%2F10007133%2F%3Frafcid%3Dwsc_i_is_2309dcb4-5309-490e-b085-4727561221b9&link_type=hybrid_url,,2026-10-04T21:54:06.340634
357,2022 ブリヂストン TOUR B シリーズ TOUR B XS US仕様 ツアーB XS / ツアーB RX,2022 ブリヂストン TOUR Ｂ シリーズ XS US仕様 ツアーB RX,2022 ブリヂストン TOUR シリーズ XS US仕様 ツアーB RX,4480,https://thumbnail.image.rakuten.co.jp/@0_mall/golffujico/cabinet/0020/bs-ba-22tbu-6221.jpg,https://hb.afl.rakuten.co.jp/ichiba/38e4bda3.3d4c8086.38e4bda4.cefadc6a/?pc=https%3A%2F%2Fitem.rakuten.co.jp%2Fgolffujico%2Fbs-ba-22tbu%2F%3Frafcid%3Dwsc_i_is_2309dcb4-5309-490e-b085-4727561221b9&link_type=hybrid_url,,2026-10-04T21:54:06.333679
107,テーラーメイド New P790 アイアン('25) P・790 5本セット (#6-PW) RAUNE IRON i75/i90/i105 T JP ラウネ アイアン カーボン,テーラーメイド New P790 アイアン '25 Ｐ 790 5本セット #6-PW RAUNE IRON i75 i90 i105 Ｔ JP ラウネ カーボン,テーラーメイド New P790 アイアン '25 790 5本セット #6-PW RAUNE IRON i75 i90 i105 JP ラウネ カーボン,134200,https://thumbnail.image.rakuten.co.jp/@0_mall/f-netgolf/cabinet/cs/tm/ir-p790-25/run-set.jpg,https://hb.afl.rakuten.co.jp/ichiba/38e4bda3.3d4c8086.38e4bda4.cefadc6a/?pc=https%3A%2F%2Fitem.rakuten.co.jp%2Ff-netgolf%2Fcs-tmir-p790-25-run-set%2F%3Frafcid%3Dwsc_i_is_2309dcb4-5309-490e-b085-4727561221b9&link_type=hybrid_url,,2026-10-04T21:54:06.325162
236,PING G430 MAX 10K マックス10K ドライバー ALTA J CB BLACK,PING G430 MAX 10K マックス10K ドライバー ALTA Ｊ CB BLACK,PING G430 MAX 10K マックス10K ドライバー ALTA CB BLACK,55440,https://thumbnail.image.rakuten.co.jp/@0_mall/arigaen/cabinet/images/shohin80/69012.jpg,https://hb.afl.rakuten.co.jp/ichiba/38e4bda3.3d4c8086.38e4bda4.cefadc6a/?pc=https%3A%2F%2Fitem.rakuten.co.jp%2Farigaen%2F131-24-g4dmx10-alt%2F%3Frafcid%3Dwsc_i_is_2309dcb4-5309-490e-b085-4727561221b9&link_type=hybrid_url,,2026-10-04T21:54:06.231246
355,ブリヂストンゴルフ ツアーB TOUR B XS 2026 12個入り 26-TOUR-B-XS-PWH ツアーBXS,Bridgestone ブリヂストンゴルフ ツアーB TOUR Ｂ XS 2026 12個入り 26-TOUR-B-XS-PWH ツアーBXS,Bridgestone ブリヂストンゴルフ ツアーB TOUR XS 2026 12個入り 26-TOUR-B-XS-PWH ツアーBXS,5980,https://thumbnail.image.rakuten.co.jp/@0_mall/jism/cabinet/0052/4547333686359.jpg,https://hb.afl.rakuten.co.jp/ichiba/38e4bda3.3d4c8086.38e4bda4.cefadc6a/?pc=https%3A%2F%2Fitem.rakuten.co.jp%2Fjism%2F4547333686359-36-35407-n%2F%3Frafcid%3Dwsc_i_is_2309dcb4-5309-490e-b085-4727561221b9&link_type=hybrid_url,,2026-10-04T21:54:06.131312
225,ピン ドライバー G430 MAX ALTA J CB BLACK G430 MAX 2022 DR 1w DRIVER 標準,ピン ドライバー G430 MAX ALTA Ｊ CB BLACK 2022 DR 1w DRIVER 標準,ピン ドライバー G430 MAX ALTA CB BLACK 2022 DR 1w DRIVER 標準,49990,https://thumbnail.image.rakuten.co.jp/@0_mall/himaraya/cabinet/0000001076b/0000001076379_r1_01.jpg,https://hb.afl.rakuten.co.jp/ichiba/38e4bda3.3d4c8086.38e4bda4.cefadc6a/?pc=https%3A%2F%2Fitem.rakuten.co.jp%2Fhimaraya%2F0000001076379%2F%3Frafcid%3Dwsc_i_is_2309dcb4-5309-490e-b085-4727561221b9&link_type=hybrid_url,,2026-10-04T21:54:06.121387
111,アイアンセット 軟鉄鍛造 2ピース 5番 6番 7番 8番 9番 PW ( ピッチングウェッジ ) の 6本セット セット アイアン セット 飛距離 1番手アップ 2層構造 マイルドな打感 安定感 方向性 スピン 飛び 系 アイアン アイアン 打 感 アイアンセット 国産,PING アイアンセット 軟鉄鍛造 2ピース 5番 6番 7番 8番 9番 PW ピッチングウェッジ の 6本セット セット アイアン 飛距離 1番手アップ 2層構造 マイルドな打感 安定感 方向性,PING アイアンセット 軟鉄鍛造 2ピース 5番 6番 7番 8番 9番 PW ピッチングウェッジ 6本セット セット アイアン 飛距離 1番手アップ 2層構造 マイルドな打感 安定感 方向性,133100,https://thumbnail.image.rakuten.co.jp/@0_mall/toho-now/cabinet/tmb/10000675_mainc.jpg,https://hb.afl.rakuten.co.jp/ichiba/38e4bda3.3d4c8086.38e4bda4.cefadc6a/?pc=https%3A%2F%2Fitem.rakuten.co.jp%2Ftoho-now%2F10000675%2F%3Frafcid%3Dwsc_i_is_2309dcb4-5309-490e-b085-4727561221b9&link_type=hybrid_url,,2026-10-04T21:54:05.834579
189,Z-STAR-W DUNLOP SRIXON Z-STAR 9,Z-STAR-W DUNLOP SRIXON Z-STAR ９,Z-STAR-W DUNLOP SRIXON Z-STAR,5499,https://thumbnail.image.rakuten.co.jp/@0_mall/surprise-shop/cabinet/11795772/z-star-w.jpg,https://hb.afl.rakuten.co.jp/ichiba/38e4bda3.3d4c8086.38e4bda4.cefadc6a/?pc=https%3A%2F%2Fitem.rakuten.co.jp%2Fsurprise-shop%2Fz-star-w%2F%3Frafcid%3Dwsc_i_is_2309dcb4-5309-490e-b085-4727561221b9&link_type=hybrid_url,,2026-10-04T21:54:05.728022
362,ブリヂストン ツアー B XS ［ まとめ買い ］ 飛距離重視 スピン性能 公認球 2026 ブリヂストン TOUR B XS,PING ブリヂストン ツアー Ｂ XS まとめ買い 飛距離重視 スピン性能 公認球 2026 TOUR,PING ブリヂストン ツアー XS まとめ買い 飛距離重視 スピン性能 公認球 2026 TOUR,12474,https://thumbnail.image.rakuten.co.jp/@0_mall/tsuruyagolf/cabinet/gazou00021/060128112600307s2.jpg,https://hb.afl.rakuten.co.jp/ichiba/38e4bda3.3d4c8086.38e4bda4.cefadc6a/?pc=https%3A%2F%2Fitem.rakuten.co.jp%2Ftsuruyagolf%2F060128112600307s2%2F%3Frafcid%3Dwsc_i_is_2309dcb4-5309-490e-b085-4727561221b9&link_type=hybrid_url,,2026-10-04T21:54:05.335684
472,スコッティキャメロン SCピンフラッグ Tシャツ ウォームグレイ M SCOTTY CAMERON 2022 SC PIN FLAG T SHIRT WARM GRAY MEDIUM 103160,Scotty Cameron スコッティキャメロン SCピンフラッグ Tシャツ ウォームグレイ Ｍ SCOTTY CAMERON 2022 SC PIN FLAG Ｔ SHIRT WARM GRAY,Scotty Cameron スコッティキャメロン SCピンフラッグ Tシャツ ウォームグレイ SCOTTY CAMERON 2022 SC PIN FLAG SHIRT WARM GRAY,12100,https://thumbnail.image.rakuten.co.jp/@0_mall/putter-island/cabinet/scottycameronmqm/08907898/scmts2022-103159_1.jpg,https://hb.afl.rakuten.co.jp/ichiba/38e4bda3.3d4c8086.38e4bda4.cefadc6a/?pc=https%3A%2F%2Fitem.rakuten.co.jp%2Fputter-island%2Fscmts2022-103160%2F%3Frafcid%3Dwsc_i_is_2309dcb4-5309-490e-b085-4727561221b9&link_type=hybrid_url,,2026-10-04T21:54:05.324642
252,ピン BLUEPRINT S アイアン 5I PW(6本セット) プリント スコア 青写真,ピン BLUEPRINT Ｓ アイアン 5I PW 6本セット プリント スコア 青写真,ピン BLUEPRINT アイアン 5I PW 6本セット プリント スコア 青写真,174240,https://thumbnail.image.rakuten.co.jp/@0_mall/auc-golf-wizard/cabinet/s01/blueprints-ns95001.jpg,https://hb.afl.rakuten.co.jp/ichiba/38e4bda3.3d4c8086.38e4bda4.cefadc6a/?pc=https%3A%2F%2Fitem.rakuten.co.jp%2Fauc-golf-wizard%2Fblueprints-ns950-2%2F%3Frafcid%3Dwsc_i_is_2309dcb4-5309-490e-b085-4727561221b9&link_type=hybrid_url,,2026-10-04T21:54:05.236865
235,ピン G440 K ドライバー ALTA J CB BLUE,ピン G440 Ｋ ドライバー ALTA Ｊ CB BLUE,ピン G440 ドライバー ALTA CB BLUE,118800,https://thumbnail.image.rakuten.co.jp/@0_mall/victoriagolf/cabinet/1/3930102_00/9015007_main_m.jpg,https://hb.afl.rakuten.co.jp/ichiba/38e4bda3.3d4c8086.38e4bda4.cefadc6a/?pc=https%3A%2F%2Fitem.rakuten.co.jp%2Fvictoriagolf%2F109015007014%2F%3Frafcid%3Dwsc_i_is_2309dcb4-5309-490e-b085-4727561221b9&link_type=hybrid_url,,2026-10-04T21:54:05.027721
283,ピン プリントエス アイアン BLUE PRINT S IRON 3本セット TOUR 110 モーダス 110 スチール 右用 左用 ライト レフト ー 日本仕様 プリントS BLUEPRINTS ブレードアイアン キャビティアイアン 軟鉄アイアン,ピン プリントエス アイアン BLUE PRINT Ｓ IRON 3本セット TOUR 110 モーダス スチール 右用 左用 ライト レフト 日本仕様 プリントS BLUEPRINTS,ピン プリントエス アイアン BLUE PRINT IRON 3本セット TOUR 110 モーダス スチール 右用 左用 ライト レフト 日本仕様 プリントS BLUEPRINTS ブレードアイアン,90816,https://thumbnail.image.rakuten.co.jp/@0_mall/kensgolf/cabinet/01923800/02488303/imgrc0112338893.jpg,https://hb.afl.rakuten.co.jp/ichiba/38e4bda3.3d4c8086.38e4bda4.cefadc6a/?pc=https%3A%2F%2Fitem.rakuten.co.jp%2Fkensgolf%2F503141840%2F%3Frafcid%3Dwsc_i_is_2309dcb4-5309-490e-b085-4727561221b9&link_type=hybrid_url,,2026-10-04T21:54:04.837544
99,"(ピンゴルフ) 購入補助券(100,000円分)_ アイアン ドライバー ウェッジ G430 G440 G LE3 購入補助券 おすすめ 人気 贈答",PING ピンゴルフ 購入補助券 100 000円分 アイアン ドライバー ウェッジ G430 G440 Ｇ LE3 おすすめ 人気 贈答,PING ピンゴルフ 購入補助券 100 000円分 アイアン ドライバー ウェッジ G430 G440 LE3 おすすめ 人気 贈答,340000,https://thumbnail.image.rakuten.co.jp/@0_mall/f112241-toda/cabinet/0137_1535109_01.jpg,https://hb.afl.rakuten.co.jp/ichiba/38e4bda3.3d4c8086.38e4bda4.cefadc6a/?pc=https%3A%2F%2Fitem.rakuten.co.jp%2Ff112241-toda%2F1535109%2F%3Frafcid%3Dwsc_i_is_2309dcb4-5309-490e-b085-4727561221b9&link_type=hybrid_url,,2026-10-04T21:54:04.824681
104,ピン G430 MAX 10K ドライバー ALTA J CB BLACK G430 MAX テンケイ,ピン G430 MAX 10K ドライバー ALTA Ｊ CB BLACK テンケイ,ピン G430 MAX 10K ドライバー ALTA CB BLACK テンケイ,69300,https://thumbnail.image.rakuten.co.jp/@0_mall/tsuruyagolf/cabinet/gazou00002/010127070005601.jpg,https://hb.afl.rakuten.co.jp/ichiba/38e4bda3.3d4c8086.38e4bda4.cefadc6a/?pc=https%3A%2F%2Fitem.rakuten.co.jp%2Ftsuruyagolf%2F010127070005601%2F%3Frafcid%3Dwsc_i_is_2309dcb4-5309-490e-b085-4727561221b9&link_type=hybrid_url,,2026-10-04T21:54:04.334337
241,ピン アイアンセット 5本組 ジーエルイー3 G LE3 IRON 5I,ピン アイアンセット 5本組 ジーエルイー3 Ｇ LE3 IRON 5I,ピン アイアンセット 5本組 ジーエルイー3 LE3 IRON 5I,88000,https://thumbnail.image.rakuten.co.jp/@0_mall/himaraya/cabinet/0000001144c/0000001144474_r1_01.jpg,https://hb.afl.rakuten.co.jp/ichiba/38e4bda3.3d4c8086.38e4bda4.cefadc6a/?pc=https%3A%2F%2Fitem.rakuten.co.jp%2Fhimaraya%2F0000001144474%2F%3Frafcid%3Dwsc_i_is_2309dcb4-5309-490e-b085-4727561221b9&link_type=hybrid_url,,2026-10-04T21:54:04.132220
119,ミズノ トリプルアクションウェッジ 軟鉄 TRIPLE ACTION WEDGE 2,ミズノ トリプルアクションウェッジ 軟鉄 TRIPLE ACTION WEDGE ２,ミズノ トリプルアクションウェッジ 軟鉄 TRIPLE ACTION WEDGE,7990,https://thumbnail.image.rakuten.co.jp/@0_mall/himaraya/cabinet/0000000412d/0000000412771_r1_01.jpg,https://hb.afl.rakuten.co.jp/ichiba/38e4bda3.3d4c8086.38e4bda4.cefadc6a/?pc=https%3A%2F%2Fitem.rakuten.co.jp%2Fhimaraya%2F0000000412771%2F%3Frafcid%3Dwsc_i_is_2309dcb4-5309-490e-b085-4727561221b9&link_type=hybrid_url,,2026-10-04T21:54:03.742153
16,TOUR B X,Bridgestone TOUR Ｂ Ｘ,（検索しない）,6930,https://item-shopping.c.yimg.jp/i/g/ezaki-g_bs-tourb-xxs,,,2026-10-04T21:54:03.725471
423,ピン G LE3 ULT250J アイアン 5本セット ＃7−W，SW 女性用,ピン Ｇ LE3 ULT250J アイアン 5本セット ＃7−W SW 女性用,ピン LE3 ULT250J アイアン 5本セット ＃7−W SW 女性用,88000,https://thumbnail.image.rakuten.co.jp/@0_mall/tsuruyagolf/cabinet/product01222/010227070006455_1.jpg,https://hb.afl.rakuten.co.jp/ichiba/38e4bda3.3d4c8086.38e4bda4.cefadc6a/?pc=https%3A%2F%2Fitem.rakuten.co.jp%2Ftsuruyagolf%2F010227070006455%2F%3Frafcid%3Dwsc_i_is_2309dcb4-5309-490e-b085-4727561221b9&link_type=hybrid_url,"{""material"": ""17-4ステンレススチール(ボディ)"", ""shaft"": ""PING ULT 250 J CARBON"", ""set"": ""#7 / #8 / #9 / PW / SW"", ""flex"": ""FLEX-L /"", ""loft"": ""29.5 35 41 46 56"", ""lie"": ""62 62.8 63.5 64.1 64.4"", ""balance"": ""C2(#7L)"", ""weight"": ""約328(L)""}",2026-10-04T21:54:03.624487
233,ピン G440 MAX ドライバー 標準スペック 右用 ALTA J CB BLUE TOUR 2.0 CHROME BLACK,ピン G440 MAX ドライバー 標準スペック 右用 ALTA Ｊ CB BLUE TOUR 2.0 CHROME BLACK,ピン G440 MAX ドライバー 標準スペック 右用 ALTA CB BLUE TOUR 2.0 CHROME BLACK,107800,https://thumbnail.image.rakuten.co.jp/@0_mall/arimuragolf/cabinet/11627468/13042177/compass1775005631.jpg,https://hb.afl.rakuten.co.jp/ichiba/38e4bda3.3d4c8086.38e4bda4.cefadc6a/?pc=https%3A%2F%2Fitem.rakuten.co.jp%2Farimuragolf%2Fpi-g440max-d%2F%3Frafcid%3Dwsc_i_is_2309dcb4-5309-490e-b085-4727561221b9&link_type=hybrid_url,,2026-10-04T21:54:03.225630
228,(特注 納期1-3週)ピンゴルフ G440 K(ケイ)ドライバー ALTA J CB BLUE 2026,PING 特注 納期1-3週 ピンゴルフ G440 Ｋ ケイ ドライバー ALTA Ｊ CB BLUE 2026,PING 特注 納期1-3週 ピンゴルフ G440 ケイ ドライバー ALTA CB BLUE 2026,118800,https://thumbnail.image.rakuten.co.jp/@0_mall/golfseven/cabinet/zai65/01p-altabl-g440kd-pi.jpg,https://hb.afl.rakuten.co.jp/ichiba/38e4bda3.3d4c8086.38e4bda4.cefadc6a/?pc=https%3A%2F%2Fitem.rakuten.co.jp%2Fgolfseven%2Fp-altabl-g440kd-ping%2F%3Frafcid%3Dwsc_i_is_2309dcb4-5309-490e-b085-4727561221b9&link_type=hybrid_url,,2026-10-04T21:54:03.146259
311,本間ゴルフ ツアーワールド TOUR WORLD TW777 360 Ti ドライバー BLUE 5 6,本間ゴルフ ツアーワールド TOUR WORLD TW777 360 Ti ドライバー BLUE ５ ６,本間ゴルフ ツアーワールド TOUR WORLD TW777 360 Ti ドライバー BLUE,85800,https://thumbnail.image.rakuten.co.jp/@0_mall/golfpartner-2/cabinet/itemimg/club07/imgrc0119302648.jpg,https://hb.afl.rakuten.co.jp/ichiba/38e4bda3.3d4c8086.38e4bda4.cefadc6a/?pc=https%3A%2F%2Fitem.rakuten.co.jp%2Fgolfpartner-2%2Fhonma-dr-043%2F%3Frafcid%3Dwsc_i_is_2309dcb4-5309-490e-b085-4727561221b9&link_type=hybrid_url,,2026-10-04T21:54:03.140047
244,PING G440 アイアン 5本セット ALTA J CB BLUE G440 アイアンセット,PING G440 アイアン 5本セット ALTA Ｊ CB BLUE アイアンセット,PING G440 アイアン 5本セット ALTA CB BLUE アイアンセット,159500,https://thumbnail.image.rakuten.co.jp/@0_mall/jopro/cabinet/gazou00015/010227070022405d.jpg,https://hb.afl.rakuten.co.jp/ichiba/38e4bda3.3d4c8086.38e4bda4.cefadc6a/?pc=https%3A%2F%2Fitem.rakuten.co.jp%2Fjopro%2F010227070022405%2F%3Frafcid%3Dwsc_i_is_2309dcb4-5309-490e-b085-4727561221b9&link_type=hybrid_url,,2026-10-04T21:54:03.045984
42,BRIDGESTONE TOUR B Xシリーズ ツアー ビー エックス 2026 (12個入),BRIDGESTONE TOUR Ｂ Xシリーズ ツアー ビー エックス 2026 12個入,BRIDGESTONE TOUR Xシリーズ ツアー ビー エックス 2026 12個入,6930,https://thumbnail.image.rakuten.co.jp/@0_mall/ezaki-g/cabinet/bridgestone_ball/tbx26-01.jpg,https://hb.afl.rakuten.co.jp/ichiba/38e4bda3.3d4c8086.38e4bda4.cefadc6a/?pc=https%3A%2F%2Fitem.rakuten.co.jp%2Fezaki-g%2Fbs-tourb-xxs%2F%3Frafcid%3Dwsc_i_is_2309dcb4-5309-490e-b085-4727561221b9&link_type=hybrid_url,,2026-10-04T21:54:02.944819
473,スコッティキャメロン SCピンフラッグ Tシャツ ウォームグレイ S SCOTTY CAMERON 2022 SC PIN FLAG T SHIRT WARM GRAY SMALL 103159,Scotty Cameron スコッティキャメロン SCピンフラッグ Tシャツ ウォームグレイ Ｓ SCOTTY CAMERON 2022 SC PIN FLAG Ｔ SHIRT WARM GRAY,Scotty Cameron スコッティキャメロン SCピンフラッグ Tシャツ ウォームグレイ SCOTTY CAMERON 2022 SC PIN FLAG SHIRT WARM GRAY,12100,https://thumbnail.image.rakuten.co.jp/@0_mall/putter-island/cabinet/scottycameronmqm/08907898/scmts2022-103159_1.jpg,https://hb.afl.rakuten.co.jp/ichiba/38e4bda3.3d4c8086.38e4bda4.cefadc6a/?pc=https%3A%2F%2Fitem.rakuten.co.jp%2Fputter-island%2Fscmts2022-103159%2F%3Frafcid%3Dwsc_i_is_2309dcb4-5309-490e-b085-4727561221b9&link_type=hybrid_url,,2026-10-04T21:54:02.932290
208,名入れ ソッコーオウンネーム プロV1 / プロV1X 2025年 タイトリスト 1 3営業日発送 ラッピング titleist PRO 25B,PING 名入れ ソッコーオウンネーム プロV1 プロV1X 2025年 タイトリスト １ 3営業日発送 ラッピング titleist PRO 25B,PING 名入れ ソッコーオウンネーム プロV1 プロV1X 2025年 タイトリスト 3営業日発送 ラッピング titleist PRO 25B,7920,https://thumbnail.image.rakuten.co.jp/@0_mall/j-n-g/cabinet/tit/top-tit-25v1v1x.jpg,https://hb.afl.rakuten.co.jp/ichiba/38e4bda3.3d4c8086.38e4bda4.cefadc6a/?pc=https%3A%2F%2Fitem.rakuten.co.jp%2Fj-n-g%2Ftop-tit-25v1v1x%2F%3Frafcid%3Dwsc_i_is_2309dcb4-5309-490e-b085-4727561221b9&link_type=hybrid_url,,2026-10-04T21:54:02.645561
265,DUNLOP XXIO 14 ドライバー 2026 MP1400 11.5 R,DUNLOP XXIO 14 ドライバー 2026 MP1400 11.5 Ｒ,DUNLOP XXIO 14 ドライバー 2026 MP1400 11.5,101200,https://thumbnail.image.rakuten.co.jp/@0_mall/a-price/cabinet/orj/39/0-4907913504761.jpg,https://hb.afl.rakuten.co.jp/ichiba/38e4bda3.3d4c8086.38e4bda4.cefadc6a/?pc=https%3A%2F%2Fitem.rakuten.co.jp%2Fa-price%2F4907913504761%2F%3Frafcid%3Dwsc_i_is_2309dcb4-5309-490e-b085-4727561221b9&link_type=hybrid_url,,2026-10-04T21:54:02.633295
420,ピン G440 ドライバー MAX LST SFT ALTA J CB BLUE TOUR 2.0 CHROME BLACK アルタ ツアー2.0 ジー440 G440ドライバー G440DRIVER 日本仕様 右利き 左利き 右用 左用 ー レフト max lst sft マックス エルエス エスエフ,ピン G440 ドライバー MAX LST SFT ALTA Ｊ CB BLUE TOUR 2.0 CHROME BLACK アルタ ツアー2.0 ジー440 G440ドライバー G440DRIVER,ピン G440 ドライバー MAX LST SFT ALTA CB BLUE TOUR 2.0 CHROME BLACK アルタ ツアー2.0 ジー440 G440ドライバー G440DRIVER,107800,https://thumbnail.image.rakuten.co.jp/@0_mall/kensgolf/cabinet/01923800/02488303/imgrc0112424594.jpg,https://hb.afl.rakuten.co.jp/ichiba/38e4bda3.3d4c8086.38e4bda4.cefadc6a/?pc=https%3A%2F%2Fitem.rakuten.co.jp%2Fkensgolf%2F10006708%2F%3Frafcid%3Dwsc_i_is_2309dcb4-5309-490e-b085-4727561221b9&link_type=hybrid_url,"{""shaft"": ""のスペック値は各メーカーの公表値です""}",2026-10-04T21:54:02.041787
660,本間ゴルフ( / ) ツアーワールド (T//WORLD) 2022 TW757 Type-D ドライバー (9°/±1°) SR 右用 ヴィザード カスタム 付属,本間ゴルフ ツアーワールド Ｔ WORLD 2022 TW757 Type-D ドライバー 9° ±1° SR 右用 ヴィザード カスタム 付属,本間ゴルフ ツアーワールド WORLD 2022 TW757 Type-D ドライバー 9° ±1° SR 右用 ヴィザード カスタム 付属,14800,https://thumbnail.image.rakuten.co.jp/@0_mall/firststage/cabinet/2e/2026090402e_1.jpg,https://hb.afl.rakuten.co.jp/ichiba/38e4bda3.3d4c8086.38e4bda4.cefadc6a/?pc=https%3A%2F%2Fitem.rakuten.co.jp%2Ffirststage%2F2026090402e%2F%3Frafcid%3Dwsc_i_is_2309dcb4-5309-490e-b085-4727561221b9&link_type=hybrid_url,"{""loft"": ""調整機能±1°"", ""shaft"": ""TW757専用 ヴィザード カーボンシャフト (中調子)""}",2026-10-04T21:52:51.342204
375,オデッセイ TRTL タートル パター S ショートスラント,オデッセイ TRTL タートル パター Ｓ ショートスラント,オデッセイ TRTL タートル パター ショートスラント,53900,https://thumbnail.image.rakuten.co.jp/@0_mall/arigaen/cabinet/images/shohin108/87823.jpg,https://hb.afl.rakuten.co.jp/ichiba/38e4bda3.3d4c8086.38e4bda4.cefadc6a/?pc=https%3A%2F%2Fitem.rakuten.co.jp%2Farigaen%2F029-26-trtl-s%2F%3Frafcid%3Dwsc_i_is_2309dcb4-5309-490e-b085-4727561221b9&link_type=hybrid_url,,2026-10-04T03:08:23.173367
331,ブリヂストン B3 DD ドライバー Bシリーズ 右 TENSEI BS Red 40 R SR 10.5度,ブリヂストン B3 DD ドライバー Bシリーズ 右 TENSEI BS Red 40 Ｒ SR 10.5度,ブリヂストン B3 DD ドライバー Bシリーズ 右 TENSEI BS Red 40 SR 10.5度,17980,https://thumbnail.image.rakuten.co.jp/@0_mall/golfpartner-2/cabinet/itemimg/club08/imgrc0124046220.jpg,https://hb.afl.rakuten.co.jp/ichiba/38e4bda3.3d4c8086.38e4bda4.cefadc6a/?pc=https%3A%2F%2Fitem.rakuten.co.jp%2Fgolfpartner-2%2Fbs-dr-034%2F%3Frafcid%3Dwsc_i_is_2309dcb4-5309-490e-b085-4727561221b9&link_type=hybrid_url,,2026-10-04T03:08:19.157360
81,EZONE GT TYPE S ドライバー,Yonex EZONE GT TYPE Ｓ ドライバー,Yonex EZONE GT TYPE ドライバー,96800,,,,2026-10-04T03:08:12.154936
