product_id,old_keyword,new_keyword,old_valid,new_valid
237,PING ピン G440K ドライバー ALTA J CB BLUE G440 K 右用,ピン G440K ドライバー ALTA Ｊ CB BLUE G440 Ｋ 右用,False,True
592,Callaway キャロウェイ 両手用グローブ 5枚セット ネイル デュアル グローブ ウィ 25 JM 両手用 NAIL DUAL W 25JM,キャロウェイ 両手用グローブ 5枚セット ネイル デュアル グローブ ウィ 25 JM 両手用 NAIL DUAL Ｗ 25JM,False,True
177,Srixon ダンロップ スリクソン 2025 Zスター XV ［ まとめ買い ］ ダンロップ Z-STAR XV まとめ買い,ダンロップ スリクソン 2025 Zスター XV まとめ買い Z-STAR,False,True
320,TaylorMade テーラーメイド Qi ウィ アイアン / ELDIO TM40,テーラーメイド Qi ウィ アイアン ELDIO TM40,False,True
345,PING ー PING G440 MAX ドライバー TOUR 2.0 CHROME 65 G440 MAX ドライバー ツアー2.0 クロム65,PING G440 MAX ドライバー TOUR 2.0 CHROME 65 ツアー2.0 クロム65,False,True
368,Bridgestone ブリヂストン 2022 ツアー ビー シリーズ TOUR B,ブリヂストン 2022 ツアー ビー シリーズ TOUR Ｂ,False,True
108,Srixon スリクソン ZXi7 アイアン6本セット ≪ ≫ - DUNLOP アイアンセット ダンロップ 5番/6番/7番/8番/9番/PW ZM-C704,スリクソン ZXi7 アイアン6本セット DUNLOP アイアンセット ダンロップ 5番 6番 7番 8番 9番 PW ZM-C704,False,True
624,Bridgestone 最大10％OFF ブリヂストン BSG BG-100 キャディバッグ付き 11本セット S アイアンスチール BGLSKC クラブセット 2022年,最大10％OFF ブリヂストン BSG BG-100 キャディバッグ付き 11本セット Ｓ アイアンスチール BGLSKC クラブセット 2022年,False,True
356,Bridgestone ブリヂストンゴルフ NEW TOUR B X／TOUR B XS ( 入) 2026,Bridgestone ブリヂストンゴルフ NEW TOUR Ｂ Ｘ XS 入 2026,False,True
352,Titleist ＼エントリーで最大10万ポイント 9/20 00:00‐9/30 23:59／ 無料オウンネーム対応・ 価格 タイトリスト PRO V1 / PRO V1x 2025,エントリーで最大10万ポイント ９ 20 00 00‐9 30 23 59 無料オウンネーム対応 価格 タイトリスト PRO V1 V1x 2025,False,True
242,PING ピン G440 アイアン G440 IRON NEO ネオ スチール 1本 3本 4本 5本 6本 セット g440 iron ジー440 950NEO 950ネオ G440アイアン G440IRON 日本仕様 右用 左用 レフト ー アイアンセット 単品アイアン,ピン G440 アイアン IRON NEO ネオ スチール 1本 3本 4本 5本 6本 セット ジー440 950NEO 950ネオ G440アイアン G440IRON 日本仕様 右用 左用 レフト,False,True
135,Titleist Titleist 「 PRO V1 」、「 PRO V1x 」 2025モデル (12個入),Titleist PRO V1 V1x 2025モデル 12個入,False,True
230,PING PING G440 K ドライバー TOUR 2.0 CHROME 65 2026 G440 K ドライバー ツアー2.0 クロム65,PING G440 Ｋ ドライバー TOUR 2.0 CHROME 65 2026 ツアー2.0 クロム65,False,True
328,Titleist Titleist 「 -PRO V1x LEFT DASH 」 レフトダッシュ 2026 (12個入),Titleist PRO V1x LEFT DASH レフトダッシュ 2026 12個入,False,True
130,PING パター ピンパター 購入者満足度◎ レビュー79件超え 型 トライアングル ス コントロール 軟鉄削出しパター / 黒染め仕上げ / 東邦ゴルフ 黒 ALL CNC加工 人気 短尺 32インチ 軟鉄パター 軟鉄鍛造,PING パター ピンパター 購入者満足度◎ レビュー79件超え 型 トライアングル ス コントロール 軟鉄削出しパター 黒染め仕上げ 東邦ゴルフ 黒 ALL CNC加工 人気 短尺 32インチ,False,True
314,Honma 本間ゴルフ ( / ) BERES 08 2021 (ベレス 08 アイズ) AIZU ドライバー 右用 アーマック MX 2Star 会津絵,本間ゴルフ BERES 08 2021 ベレス アイズ AIZU ドライバー 右用 アーマック MX 2Star 会津絵,False,True
106,"TaylorMade 左用 テーラーメイド 2021年 SIM2 MAX アイアンセット 7本 (#5-9,Pw,Aw) KBS Max 85 MT ー US仕様",左用 テーラーメイド 2021年 SIM2 MAX アイアンセット 7本 #5-9 Pw Aw KBS 85 MT US仕様,False,True
302,"Honma 本間ゴルフ( / ) ツアーワールド 2022 TW757 ドライバー 右用 2タイプヘッド (Type-D,Type-S) ヴィザード MA,MP,FZ",本間ゴルフ ツアーワールド 2022 TW757 ドライバー 右用 2タイプヘッド Type-D Type-S ヴィザード MA MP FZ,False,True
587,Callaway Callaway Nail Dual Glove Women`s 25 JM ( ネイル デュアル グローブ ウィ 25JM ) レディス ゴルフグローブ ( 両手用 ) 2025モデル,Callaway Nail Dual Glove Women`s 25 JM ネイル デュアル グローブ ウィ 25JM レディス ゴルフグローブ 両手用 2025モデル,False,True
586,Callaway Callaway Hyper Hybrid Glove 25 JM ( ハイパー ハイブリッド グローブ 25JM ) ゴルフグローブ ( 左手用 ) 2025モデル,Callaway Hyper Hybrid Glove 25 JM ハイパー ハイブリッド グローブ 25JM ゴルフグローブ 左手用 2025モデル,False,True
312,Honma 本間ゴルフ ( / ) BERES 08 2021 (ベレス 08 アイズ) AIZU ドライバー 右用 アーマック MX 4Star 会津絵,本間ゴルフ BERES 08 2021 ベレス アイズ AIZU ドライバー 右用 アーマック MX 4Star 会津絵,False,True
313,Honma 本間ゴルフ( / ) ベレス 07 2019 (BERES 07) フェアウェイウッド 右用 アーマック 42 2Star,本間ゴルフ ベレス 07 2019 BERES フェアウェイウッド 右用 アーマック 42 2Star,False,True
547,Callaway Callaway Tour Authentic Glove 25 JV ( ツアー オーセンティック グローブ 25JV ) ゴルフグローブ ( 左手用 ) 2025モデル,Callaway Tour Authentic Glove 25 JV ツアー オーセンティック グローブ 25JV ゴルフグローブ 左手用 2025モデル,False,True
148,Titleist タイトリスト 2025 プロ V1x ［ まとめ買い ］,タイトリスト 2025 プロ V1x まとめ買い,False,True
607,Callaway Callaway Style Dual Glove Women`s 25 JM ( スタイル デュアル グローブ ウィ 25JM ) レディス ゴルフグローブ ( 両手用 ) 2025モデル,Callaway Style Dual Glove Women`s 25 JM スタイル デュアル グローブ ウィ 25JM レディス ゴルフグローブ 両手用 2025モデル,False,True
102,Cobra コブラ OPTM MAX-D ドライバー 10.5° オリジナルAIR SPEEDER S Rフレックス ｜ ドライバー,コブラ OPTM MAX-D ドライバー 10.5° オリジナルAIR SPEEDER Ｓ Rフレックス,False,True
105,PING スリクソン Z-FORGEDII アイアン6本セット≪ ≫ - アイアンセット DUNLOP ダンロップ 国産 安定したスピンコントロール性能 ZE-C706,PING スリクソン Z-FORGEDII アイアン6本セット アイアンセット DUNLOP ダンロップ 国産 安定したスピンコントロール性能 ZE-C706,False,True
367,PING ブリヂストン TOUR B XS 2026 ツアーXS S6CXJ コーポレート ブリヂストンゴルフ tour b xs 26 BRIDGESTONE TOUR まっすぐ飛ぶ 飛距離 スピン系 3ピース ソフト 贈答品 クリスマス ST・インナーカバー 乗り感 ブリジストン,PING ブリヂストン TOUR Ｂ XS 2026 ツアーXS S6CXJ コーポレート ブリヂストンゴルフ 26 BRIDGESTONE まっすぐ飛ぶ 飛距離 スピン系 3ピース ソフト 贈答品,False,True
446,FootJoy FOOTJOY GT XTREME エクストリーム ゴルフグローブ(左手用) 「 FGGT23 」,FOOTJOY GT XTREME エクストリーム ゴルフグローブ 左手用 FGGT23,False,True
566,"Shot Navi ""赤色OLED""搭載、音声操作で手ブレ軽減"" / ショットナビ Voice Laser Red Leo( ・レオ) /(レーザー距離計/ゴルフ距離計測器/ゴルフレーザー/距離計 レーザー/shotnavi/)","""赤色OLED""搭載 音声操作で手ブレ軽減"" ショットナビ Voice Laser Red Leo レオ レーザー距離計 ゴルフ距離計測器 ゴルフレーザー 距離計 レーザー shotnavi",False,True
180,Srixon ダンロップ スリクソン 2025 Zスター ダイヤモンド ［ まとめ買い ］ ダンロップ Z-STAR ダイヤモンド まとめ買い,ダンロップ スリクソン 2025 Zスター ダイヤモンド まとめ買い Z-STAR,False,True
158,Titleist タイトリスト プロV1 PRO V1 12個入 2025 ),タイトリスト プロV1 PRO V1 12個入 2025,False,True
348,TaylorMade テーラーメイド P790 アイアン 5本セット 2025 neo ( NS950ネオ / ns950neo ),テーラーメイド P790 アイアン 5本セット 2025 neo NS950ネオ ns950neo,False,True
113,TaylorMade 最大10％OFF テーラーメイド Qi IRON アイアンセット S/ / 本セット,最大10％OFF テーラーメイド Qi IRON アイアンセット Ｓ 本セット,False,True
611,Shot Navi ShotNavi ショットナビ Laser Sniper RAYS+ レーザースナイパー レイズ プラス 2025モデル 「 ゴルフ用レーザー距離計 」,ShotNavi ショットナビ Laser Sniper RAYS+ レーザースナイパー レイズ プラス 2025モデル ゴルフ用レーザー距離計,False,True
266,XXIO ダンロップ ゼクシオ 14 レディス ドライバー 14 フォーティーン MP1400L / SPEEDER NX DST for,ダンロップ ゼクシオ 14 レディス ドライバー フォーティーン MP1400L SPEEDER NX DST for,False,True
55,Mizuno MIZUNO RB TOURシリーズ (12個入り) 「 5NJBT832 」,MIZUNO RB TOURシリーズ 12個入り 5NJBT832,False,True
594,Shot Navi (営業日 ) ShotNavi(ショットナビ) Laser Sniper RAYS GR(レーザースナイパー レイズ・ジーアール) ゴルフ用レーザー距離計 2024(テクタイト),営業日 ShotNavi ショットナビ Laser Sniper RAYS GR レーザースナイパー レイズ ジーアール ゴルフ用レーザー距離計 2024 テクタイト,False,True
535,LITE アディダス 2025年春夏モデルゴルフ ライト ＆ コンフォート ペア ゴルフグローブ 両手用 KVH44 adidas,アディダス 2025年春夏モデルゴルフ ライト コンフォート ペア ゴルフグローブ 両手用 KVH44 adidas,False,True
122,PING レビュー120件超え パター マレット タイプ / ピン タイプ / 軟鉄鍛造 ス コントロール 軟鉄削出しパター ALL CNC加工 SCパター要望 人気 golfclub 短尺 32インチ 短尺パター 姫路もの 軟鉄パター 太めのグリップ 軟鉄鍛造 東邦ゴルフ,レビュー120件超え パター マレット タイプ ピン 軟鉄鍛造 ス コントロール 軟鉄削出しパター ALL CNC加工 SCパター要望 人気 golfclub 短尺 32インチ 短尺パター 姫路もの,False,True
629,PING ＼ ／ 2025 日本製 SRIXON スリクソン Z-STAR XV ゼットスター 入 ダース まとめ買い 3ピース構造 高スピン 飛距離アップ あーるアンドえす snzsxv9,PING 2025 日本製 SRIXON スリクソン Z-STAR XV ゼットスター 入 ダース まとめ買い 3ピース構造 高スピン 飛距離アップ あーるアンドえす snzsxv9,False,True
606,Callaway Callaway All Weather Glove 26 JM オールウェザー グローブ 全天候 合成皮革 ゴルフグローブ ( 左手用 ) 2026,Callaway All Weather Glove 26 JM オールウェザー グローブ 全天候 合成皮革 ゴルフグローブ 左手用 2026,False,True
434,FootJoy FOOTJOY FJ Spectrum FP スペクトラム 合成皮革 ゴルフグローブ ( 左手用 ) 「 FGFP 」,FOOTJOY FJ Spectrum FP スペクトラム 合成皮革 ゴルフグローブ 左手用 FGFP,False,True
354,PING ブリヂストン ツアー B X ［ まとめ買い ］ 飛距離重視 スピン性能 公認球 2026 ブリヂストン TOUR B X,PING ブリヂストン ツアー Ｂ Ｘ まとめ買い 飛距離重視 スピン性能 公認球 2026 TOUR,False,True
234,PING ー ピン G430 MAX 10K ドライバー ALTA J CB BLACK G430 MAX テンケイ,ピン G430 MAX 10K ドライバー ALTA Ｊ CB BLACK テンケイ,False,True
361,PING ブリヂストン 26 ツアーB X 飛距離性能 スピン 公認球 上級者向け 2026,PING ブリヂストン 26 ツアーB Ｘ 飛距離性能 スピン 公認球 上級者向け 2026,False,True
117,Cleveland 《 》クリーブランド RTZ ツアーサテン ウエッジ - ウェッジ DUNLOP ダンロップ 46度/48度/50度/52度/54度/56度/58度/60度/64度 74-C701,クリーブランド RTZ ツアーサテン ウエッジ ウェッジ DUNLOP ダンロップ 46度 48度 50度 52度 54度 56度 58度 60度 64度 74-C701,False,True
160,Titleist タイトリスト 2025 プロ V1 ［ まとめ買い ］ PRO V1,タイトリスト 2025 プロ V1 まとめ買い PRO,False,True
100,TaylorMade テーラーメイド ステルス グローレ ドライバー / SPD NX for TM,テーラーメイド ステルス グローレ ドライバー SPD NX for TM,False,True
366,Bridgestone ブリヂストン 2022 ツアー B シリーズ TOUR B ツアービー,ブリヂストン 2022 ツアー Ｂ シリーズ TOUR ツアービー,False,True
364,Bridgestone ブリヂストン TOUR B XS 2026 入,ブリヂストン TOUR Ｂ XS 2026 入,False,True
558,Voice Caddie ボイスキャディ Laser FIT 2 フロスト レーザーフィット2 レーザー距離計,ボイスキャディ Laser FIT ２ フロスト レーザーフィット2 レーザー距離計,False,True
138,Callaway Callaway ERC SOFT イーアールシーソフト 2025モデル (12個入) 「 ERC SOFT 25 TRPLTRK 」,Callaway ERC SOFT イーアールシーソフト 2025モデル 12個入 25 TRPLTRK,False,True
421,XXIO 左打用 ダンロップ ゼクシオ 14 ドライバー MP1400 装着 カスタムオーダー 14 ー MP-1400 2026年1月発売,左打用 ダンロップ ゼクシオ 14 ドライバー MP1400 装着 カスタムオーダー MP-1400 2026年1月発売,False,True
261,XXIO DUNLOP ダンロップ ゼクシオ14 ドライバー MP1400 2026 「 14 」,XXIO DUNLOP ダンロップ ゼクシオ14 ドライバー MP1400 2026 14,False,True
255,PING ピン BLUEPRINT S アイアン PROJECT X 5I PW(6本セット) プリント スコア 青写真,ピン BLUEPRINT Ｓ アイアン PROJECT Ｘ 5I PW 6本セット プリント スコア 青写真,False,True
553,Bushnell (営業日 ) ブッシュネルゴルフ ピンシーカー ツアーV5スリムジョルト ゴルフ用レーザー距離計 2022(阪神交易),Bushnell 営業日 ブッシュネルゴルフ ピンシーカー ツアーV5スリムジョルト ゴルフ用レーザー距離計 2022 阪神交易,False,True
641,PING エントリーで週末 ピン G LE3 ULT250J アイアン 5本セット ＃7−W，SW 女性用,エントリーで週末 ピン Ｇ LE3 ULT250J アイアン 5本セット ＃7−W SW 女性用,False,True
531,Srixon オウンネーム 名入れ対応 スリクソン Z-STAR / Z-STAR XV / Z-STAR DIAMOND 2025 2025,オウンネーム 名入れ対応 スリクソン Z-STAR XV DIAMOND 2025,False,True
643,Bridgestone BRIDGESTONE TOUR B Xシリーズ MINDSET マインドセット 2026 (12個入),BRIDGESTONE TOUR Ｂ Xシリーズ MINDSET マインドセット 2026 12個入,False,True
428,Bridgestone BRIDGESTONE TOURB X 年式混合 ロスト,BRIDGESTONE TOURB Ｘ 年式混合 ロスト,False,True
642,PING ピン G740 アイアン G740 IRON 純正 ALTA J CB BLUE TOUR 2.0 CHROME I カーボン AWT 3.0 LITE スチール ピンゴルフ 単品 2本セット 3本セット 4本セット 5本セット 6本セット 7本セット 8本セット 9本セット 右用 左用 右利き 左利き,ピン G740 アイアン IRON 純正 ALTA Ｊ CB BLUE TOUR 2.0 CHROME Ｉ カーボン AWT 3.0 LITE スチール ピンゴルフ 単品 2本セット 3本セット,False,True
96,Srixon DUNLOP ダンロップ SRIXON ZXi TR ドライバー VENTUS ZXi6 「 25ZXITROV6W 」,DUNLOP ダンロップ SRIXON ZXi TR ドライバー VENTUS ZXi6 25ZXITROV6W,False,True
358,Bridgestone ブリヂストン ツアーB ツアービー 2024 入 BALL TOUR B X XS RX RXS MindSet ウレタンカバー 3ピース構造 USモデル 並行輸入 USA直輸入品,ブリヂストン ツアーB ツアービー 2024 入 BALL TOUR Ｂ Ｘ XS RX RXS MindSet ウレタンカバー 3ピース構造 USモデル 並行輸入 USA直輸入品,False,True
220,PING PING G440 K ドライバー ALTA TOUR2.0 CHROME BLACK SPD NX GREY ｜ 過去最大のMOI｜ブレない飛び／薄型フェース＆重心設計｜左右 日本仕様 純正,PING G440 Ｋ ドライバー ALTA TOUR2.0 CHROME BLACK SPD NX GREY 過去最大のMOI ブレない飛び 薄型フェース＆重心設計 左右 日本仕様 純正,False,True
250,PING ー ピン プリント S アイアン 5本セット TOUR115 BLUE PRINT S アイアンセット,ピン プリント Ｓ アイアン 5本セット TOUR115 BLUE PRINT アイアンセット,False,True
251,PING ピン BLUEPRINT S アイアン neo 6I PW(5本セット) プリント スコア 青写真,ピン BLUEPRINT Ｓ アイアン neo 6I PW 5本セット プリント スコア 青写真,False,True
198,PING 軟鉄鍛造 削出しパター マレットタイプ 黒染め仕上げ スピンコントロール ALL CNC加工 SCパター要望 人気 TEAM TOHO ぶれにくい ストローク 太めのグリップ 短尺 32インチ 短尺パター F.miura フランク三浦 フランク三浦コラボ マレット インゴット削り出し,PING 軟鉄鍛造 削出しパター マレットタイプ 黒染め仕上げ スピンコントロール ALL CNC加工 SCパター要望 人気 TEAM TOHO ぶれにくい ストローク 太めのグリップ 短尺,False,True
154,Titleist 2025 (タイトリスト) PROV1 プロV1 ( 入）,2025 タイトリスト PROV1 プロV1 入,False,True
223,PING PING G440 K ドライバー ALTA J CB BLUE 2026,PING G440 Ｋ ドライバー ALTA Ｊ CB BLUE 2026,False,True
322,TaylorMade Qi アイアンセット 5本組(#6-PW) S テーラーメイド,Qi アイアンセット 5本組 #6-PW Ｓ テーラーメイド,False,True
363,PING ブリヂストン TOUR B X 2026 ツアーX B6WXJ ブリヂストンゴルフ tour b x 26 BRIDGESTONE TOUR まっすぐ飛ぶ 飛距離 スピン系 3ピース ソフト 贈答品 クリスマス ST・インナーカバー 乗り感 ブリジストン,PING ブリヂストン TOUR Ｂ Ｘ 2026 ツアーX B6WXJ ブリヂストンゴルフ 26 BRIDGESTONE まっすぐ飛ぶ 飛距離 スピン系 3ピース ソフト 贈答品 クリスマス ST,False,True
469,Shot Navi ※ ※Shot Navi Laser Sniper エルーア レーザー距離測定 / 距離計 / ゴルフ距離計測器 / ゴルフレーザー/距離計 レーザー/ ゴルフスコープ / ピンフラッグシーク,Shot Navi ※Shot Navi Laser Sniper エルーア レーザー距離測定 距離計 ゴルフ距離計測器 ゴルフレーザー レーザー ゴルフスコープ ピンフラッグシーク,False,True
239,PING ピン G440 アイアン G440 IRON 純正 ALTA J CB BLUE TOUR 2.0 CHROME I カーボン 1本 3本 4本 5本 6本 セット g440 iron ジー440 G440アイアン G440IRON 日本仕様 右用 左用 レフト ー アイアンセット 単品アイアン,ピン G440 アイアン IRON 純正 ALTA Ｊ CB BLUE TOUR 2.0 CHROME Ｉ カーボン 1本 3本 4本 5本 6本 セット ジー440 G440アイアン,False,True
290,TaylorMade 9/25限定 抽選で最大100％Pバック テーラーメイド P770 24 #6-P DG Mid115 S アイアンセット Dynamic GOLD MID 115 5本セット 2024,９ 25限定 抽選で最大100％Pバック テーラーメイド P770 24 #6-P DG Mid115 Ｓ アイアンセット Dynamic GOLD MID 115 5本セット 2024,False,True
324,TaylorMade テーラーメイド Qi アイアンセット 5本組(#6-PW) S,テーラーメイド Qi アイアンセット 5本組 #6-PW Ｓ,False,True
172,Srixon スリクソン 25 Z-STAR / Z-STAR XV ウレタンカバー ゼットスター USA直輸入品 並行輸入,スリクソン 25 Z-STAR XV ウレタンカバー ゼットスター USA直輸入品 並行輸入,False,True
221,PING ピン G440 MAX ドライバー ALTA J CB BLUE,ピン G440 MAX ドライバー ALTA Ｊ CB BLUE,False,True
94,Bridgestone BRIDGESTONE PHYZ 5 ファイズ (12個入),BRIDGESTONE PHYZ ５ ファイズ 12個入,False,True
268,XXIO DUNLOP ダンロップ ゼクシオ14 レディス ドライバー SPEEDER NX DST for 2026 「 14 LADIES 」,XXIO DUNLOP ダンロップ ゼクシオ14 レディス ドライバー SPEEDER NX DST for 2026 14 LADIES,False,True
564,Shot Navi アウトレット価格 ※Shot Navi Voice Laser GR Leo ジーアールレオ /レーザー距離測定 / 距離計 / ゴルフレーザー/ ゴルフスコープ,Shot Navi アウトレット価格 ※Shot Navi Voice Laser GR Leo ジーアールレオ レーザー距離測定 距離計 ゴルフレーザー ゴルフスコープ,False,True
137,Bridgestone BRIDGESTONE TOUR B JGR Roll-in Alignment ロールイン アライメント (12個入) 2026,BRIDGESTONE TOUR Ｂ JGR Roll-in Alignment ロールイン アライメント 12個入 2026,False,True
598,"Shot Navi ""緑・赤2色OLED""搭載、圧倒的視認性 / ショットナビ Voice Laser GR Leo(ジーアール・レオ) (レーザー距離計/ゴルフ距離計測器/ゴルフレーザー/距離計 レーザー/shotnavi/)","""緑 赤2色OLED""搭載 圧倒的視認性 ショットナビ Voice Laser GR Leo ジーアール レオ レーザー距離計 ゴルフ距離計測器 ゴルフレーザー 距離計 レーザー shotnavi",False,True
245,PING PING i540 アイアン 5本セット TOUR 2.0 CHROME I,PING i540 アイアン 5本セット TOUR 2.0 CHROME Ｉ,False,True
156,Titleist タイトリスト PROV1 ・ PROV1X,タイトリスト PROV1 PROV1X,False,True
599,Shot Navi ShotNavi ショットナビ Laser Sniper RAYS GR+ レーザースナイパー レイズジーアールプラス 2025モデル 「 ゴルフ用レーザー距離計 」,ShotNavi ショットナビ Laser Sniper RAYS GR+ レーザースナイパー レイズジーアールプラス 2025モデル ゴルフ用レーザー距離計,False,True
143,Titleist タイトリスト 2025 プロ V1 ［ まとめ買い ］,タイトリスト 2025 プロ V1 まとめ買い,False,True
197,TaylorMade テーラーメイド Qi35 ドライバー / Diamana BL TM50,テーラーメイド Qi35 ドライバー Diamana BL TM50,False,True
123,Cleveland クリーブランド HB SOFT 2 #11 センター パター オリジナル,クリーブランド HB SOFT ２ #11 センター パター オリジナル,False,True
78,L.A.B Golf L.A.B. GOLF/ラブゴルフDirected Force 3 ダイレクトフォース3DF3 パター ディレクテッドフォース ゼロトルク トルクフリー ライ角バランスパター,L.A.B Golf L.A.B. GOLF ラブゴルフDirected Force ３ ダイレクトフォース3DF3 パター ディレクテッドフォース ゼロトルク トルクフリー ライ角バランスパター,False,True
548,Callaway Callaway Hyper Grip Glove 25 JM ( ハイパー グリップ グローブ 25JM ) ゴルフグローブ ( 左手用 ) 2025モデル,Callaway Hyper Grip Glove 25 JM ハイパー グリップ グローブ 25JM ゴルフグローブ 左手用 2025モデル,False,True
429,FootJoy フットジョイ グローブ ツアーグリップ FGTG26WT 1 5枚セット対応,フットジョイ グローブ ツアーグリップ FGTG26WT １ 5枚セット対応,False,True
227,PING PING G440 SFT ドライバー ALTA J CB BLUE,PING G440 SFT ドライバー ALTA Ｊ CB BLUE,False,True
103,Cobra コブラ DS-ADAPT LS ドライバー 9° 10.5° オリジナルLIN-Q Sフレックス ｜ ドライバー,コブラ DS-ADAPT LS ドライバー 9° 10.5° オリジナルLIN-Q Sフレックス,False,True
29,TaylorMade テーラーメイド Qi10 ドライバー / Diamana Blue TM50,テーラーメイド Qi10 ドライバー Diamana Blue TM50,False,True
292,TaylorMade テーラーメイド P790 P790 アイアン(6本セット) TOUR 105 ： TOUR 105,テーラーメイド P790 アイアン 6本セット TOUR 105,False,True
112,TaylorMade テーラーメイド SIM2 MAX ウィ アイアン / 21 TENSEI BLUE TM40,テーラーメイド SIM2 MAX ウィ アイアン 21 TENSEI BLUE TM40,False,True
33,TaylorMade テーラーメイド ステルス アイアン スチール / KBS MAX MT85 JP(22),テーラーメイド ステルス アイアン スチール KBS MAX MT85 JP 22,False,True
222,PING PING G440 MAX ドライバー ALTA J CB BLUE,PING G440 MAX ドライバー ALTA Ｊ CB BLUE,False,True
422,Srixon ダンロップ スリクソン Z-FORGED II アイアン 6本組(5-9、PW) ダイナミック DST ゼット フォージド 2 Z FORGED 2 アイアンセット TRUE TEMPER(トゥルーテンパー),ダンロップ スリクソン Z-FORGED II アイアン 6本組 5-9 PW ダイナミック DST ゼット フォージド ２ Ｚ FORGED アイアンセット TRUE TEMPER トゥルーテンパー,False,True
232,PING ピン G440 ドライバー MAX LST SFT FUJIKURA SPEEDER NX VIOLET フジクラ スピーダー エヌエックス バイオ ジー440 G440ドライバー G440DRIVER 日本仕様 右利き 左利き 右用 左用 ー レフト max lst sft マックス エルエス エスエフ,ピン G440 ドライバー MAX LST SFT FUJIKURA SPEEDER NX VIOLET フジクラ スピーダー エヌエックス バイオ ジー440 G440ドライバー,False,True
297,"TaylorMade (営業日 )(特注完成品)テーラーメイド P790(25) アイアンセット(5本 #6-9,Pw) TRAVIL(トラヴィル トラビル 85 95 105 ) 2025",営業日 特注完成品 テーラーメイド P790 25 アイアンセット 5本 #6-9 Pw TRAVIL トラヴィル トラビル 85 95 105 2025,False,True
627,Srixon まとめ買いダンロップスリクソン Z-STARシリーズ 12個入り「DUNLOP Z-STAR 9 Z-STAR XV 9 2025」2025,Srixon まとめ買いダンロップスリクソン Z-STARシリーズ 12個入り DUNLOP Z-STAR ９ XV 2025,False,True
32,TaylorMade テーラーメイド ステルス アイアン / TENSEI RD TM60(22),テーラーメイド ステルス アイアン TENSEI RD TM60 22,False,True
131,Bridgestone BRIDGESTONE TOUR B JGR ツアービージェイジーアール (12個入) 2025モデル,BRIDGESTONE TOUR Ｂ JGR ツアービージェイジーアール 12個入 2025モデル,False,True
327,TaylorMade テーラーメイド 「 P7MB アイアン 2023 6本セット #5-9， PW 」 Taylor Made 業界最安値に挑戦 ゴルフバッグ カスタムクラブ,テーラーメイド P7MB アイアン 2023 6本セット #5-9 PW Taylor Made 業界最安値に挑戦 ゴルフバッグ カスタムクラブ,False,True
639,PING エントリーで週末 ブリヂストン ツアー B XS ［ まとめ買い ］ 飛距離重視 スピン性能 公認球 2026 ブリヂストン TOUR B XS,PING エントリーで週末 ブリヂストン ツアー Ｂ XS まとめ買い 飛距離重視 スピン性能 公認球 2026 TOUR,False,True
262,XXIO ー ダンロップ ゼクシオ14 ドライバー MP1400 2026 ダンロップ 14 ドライバー,XXIO ダンロップ ゼクシオ14 ドライバー MP1400 2026 14,False,True
576,Callaway Callaway Warbird Glove 25 JM ( ウォーバード グローブ 25JM ) 全天候 ゴルフグローブ ( 左手用 ) 2025モデル,Callaway Warbird Glove 25 JM ウォーバード グローブ 25JM 全天候 ゴルフグローブ 左手用 2025モデル,False,True
622,PING ピン G440 K ドライバー TOUR 2.0 CHROME 65,ピン G440 Ｋ ドライバー TOUR 2.0 CHROME 65,False,True
633,PING エントリーで週末 PING G440 K ドライバー TOUR 2.0 CHROME 65 2026 G440 K ドライバー ツアー2.0 クロム65,エントリーで週末 PING G440 Ｋ ドライバー TOUR 2.0 CHROME 65 2026 ツアー2.0 クロム65,False,True
577,Callaway Callaway Graphic Glove 25 JM ( グラフィック グローブ 25JM ) ゴルフグローブ ( 右手用 ) 2025モデル,Callaway Graphic Glove 25 JM グラフィック グローブ 25JM ゴルフグローブ 右手用 2025モデル,False,True
288,TaylorMade テーラーメイド Qi アイアン カーボン / Diamana Blue TM60,テーラーメイド Qi アイアン カーボン Diamana Blue TM60,False,True
248,PING ピン プリント S アイアン セット BLUEPRINT S,ピン プリント Ｓ アイアン セット BLUEPRINT,False,True
344,PING ー PING G440 LST ドライバー TOUR 2.0 CHROME 65 G440 LST ドライバー ツアー2.0 クロム65,PING G440 LST ドライバー TOUR 2.0 CHROME 65 ツアー2.0 クロム65,False,True
580,Callaway Callaway All Weather Glove 24 JM ( オールウェザー グローブ 24JM ) 全天候 ゴルフグローブ ( 左手用 ),Callaway All Weather Glove 24 JM オールウェザー グローブ 24JM 全天候 ゴルフグローブ 左手用,False,True
95,PING PING G440 K ドライバー ヘッド 単品,PING G440 Ｋ ドライバー ヘッド 単品,False,True
281,PING ピン G740 アイアン G740 IRON モーダス105 モーダス110 モーダス115 モーダス120 950ネオ 850ネオ 750ネオ ゼロス6 ゼロス7 ゼロス8 単品 2本セット 3本セット 4本セット 5本セット 6本セット 右用 左用 右利き 左利き レフト アイアンセット,ピン G740 アイアン IRON モーダス105 モーダス110 モーダス115 モーダス120 950ネオ 850ネオ 750ネオ ゼロス6 ゼロス7 ゼロス8 単品 2本セット 3本セット,False,True
298,XXIO 9/25限定 抽選で最大100％Pバック ゼクシオ X エックス カスタム ドライバー 2024 ドライバー SPEEDER NX BK S 2024年 ダンロップ,９ 25限定 抽選で最大100％Pバック ゼクシオ Ｘ エックス カスタム ドライバー 2024 SPEEDER NX BK Ｓ 2024年 ダンロップ,False,True
365,Bridgestone ブリヂストンゴルフ TOUR B XS 2024 ツアービー 3ピース,Bridgestone ブリヂストンゴルフ TOUR Ｂ XS 2024 ツアービー 3ピース,False,True
284,PING ピン i240 アイアン i240 iron 純正 ALTA J CB BLUE TOUR 2.0 CHROME I カーボン 1本 3本 4本 5本 6本 7本 セット I240 IRON ツアー アイ240アイアン I240アイアン I230後継モデル 日本仕様 右用 左用 レフト ー アイアンセット 単品アイアン,ピン i240 アイアン iron 純正 ALTA Ｊ CB BLUE TOUR 2.0 CHROME Ｉ カーボン 1本 3本 4本 5本 6本 7本 セット ツアー アイ240アイアン,False,True
357,Bridgestone 2022 ブリヂストン TOUR B シリーズ TOUR B XS US仕様 ツアーB XS / ツアーB RX,2022 ブリヂストン TOUR Ｂ シリーズ XS US仕様 ツアーB RX,False,True
107,TaylorMade テーラーメイド New P790 アイアン('25) P・790 5本セット (#6-PW) RAUNE IRON i75/i90/i105 T JP ラウネ アイアン カーボン,テーラーメイド New P790 アイアン '25 Ｐ 790 5本セット #6-PW RAUNE IRON i75 i90 i105 Ｔ JP ラウネ カーボン,False,True
236,PING PING G430 MAX 10K マックス10K ドライバー ALTA J CB BLACK,PING G430 MAX 10K マックス10K ドライバー ALTA Ｊ CB BLACK,False,True
355,Bridgestone ブリヂストンゴルフ ツアーB TOUR B XS 2026 12個入り 26-TOUR-B-XS-PWH ツアーBXS,Bridgestone ブリヂストンゴルフ ツアーB TOUR Ｂ XS 2026 12個入り 26-TOUR-B-XS-PWH ツアーBXS,False,True
225,PING ピン ドライバー G430 MAX ALTA J CB BLACK G430 MAX 2022 DR 1w DRIVER 標準,ピン ドライバー G430 MAX ALTA Ｊ CB BLACK 2022 DR 1w DRIVER 標準,False,True
111,PING アイアンセット 軟鉄鍛造 2ピース 5番 6番 7番 8番 9番 PW ( ピッチングウェッジ ) の 6本セット セット アイアン セット 飛距離 1番手アップ 2層構造 マイルドな打感 安定感 方向性 スピン 飛び 系 アイアン アイアン 打 感 アイアンセット 国産,PING アイアンセット 軟鉄鍛造 2ピース 5番 6番 7番 8番 9番 PW ピッチングウェッジ の 6本セット セット アイアン 飛距離 1番手アップ 2層構造 マイルドな打感 安定感 方向性,False,True
192,Srixon ダンロップ スリクソン 2025 Zスター ［ まとめ買い ］ Z-STAR まとめ買い,ダンロップ スリクソン 2025 Zスター まとめ買い Z-STAR,False,True
189,Srixon Z-STAR-W DUNLOP SRIXON Z-STAR 9,Z-STAR-W DUNLOP SRIXON Z-STAR ９,False,True
300,Honma 本間ゴルフ ベレス NX ドライバー ： カーボン BERES NX,本間ゴルフ ベレス NX ドライバー カーボン BERES,False,True
151,Srixon スリクソン ZXi MAX ドライバー ≪ ≫ - DUNLOP / 男性 ウッド ダンロップ 純正 ゴルフ用品 CK-C704,スリクソン ZXi MAX ドライバー DUNLOP 男性 ウッド ダンロップ 純正 ゴルフ用品 CK-C704,False,True
188,Srixon 2025 スリクソン Z-STAR シリーズ (Z-STAR / Z-STAR XV) US仕様 Zスター,2025 スリクソン Z-STAR シリーズ XV US仕様 Zスター,False,True
570,Shot Navi 《限定2大特典》ShotNavi EvolvePRO Touch /ショットナビ ゴルフウォッチ 腕時計(ゴルフナビ/GPSゴルフナビ/ゴルフウォッチ/ゴルフ距離計/競技モード/高低差/エイム機能/スマホ連動/フェアウェイナビ/ ビュー/海外コース対応),限定2大特典 ShotNavi EvolvePRO Touch ショットナビ ゴルフウォッチ 腕時計 ゴルフナビ GPSゴルフナビ ゴルフ距離計 競技モード 高低差 エイム機能 スマホ連動,False,True
264,XXIO ダンロップ(DUNLOP)ゼクシオ 13 ドライバー MP 1300 ［ 13 NVW］,ダンロップ DUNLOP ゼクシオ 13 ドライバー MP 1300 NVW,False,True
362,PING ブリヂストン ツアー B XS ［ まとめ買い ］ 飛距離重視 スピン性能 公認球 2026 ブリヂストン TOUR B XS,PING ブリヂストン ツアー Ｂ XS まとめ買い 飛距離重視 スピン性能 公認球 2026 TOUR,False,True
472,Scotty Cameron スコッティキャメロン SCピンフラッグ Tシャツ ウォームグレイ M SCOTTY CAMERON 2022 SC PIN FLAG T SHIRT WARM GRAY MEDIUM 103160,Scotty Cameron スコッティキャメロン SCピンフラッグ Tシャツ ウォームグレイ Ｍ SCOTTY CAMERON 2022 SC PIN FLAG Ｔ SHIRT WARM GRAY,False,True
252,PING ピン BLUEPRINT S アイアン 5I PW(6本セット) プリント スコア 青写真,ピン BLUEPRINT Ｓ アイアン 5I PW 6本セット プリント スコア 青写真,False,True
483,Odyssey ODYSSEY Divot Tool 24 JM ( ディボットツール 24 JM ) フォーク,ODYSSEY Divot Tool 24 JM ディボットツール フォーク,False,True
235,PING ピン G440 K ドライバー ALTA J CB BLUE,ピン G440 Ｋ ドライバー ALTA Ｊ CB BLUE,False,True
254,PING ピン G440 アイアン G440 IRON TOUR 105 モーダス 105 スチール 1本 3本 4本 5本 6本 セット g440 iron ジー440 ツアー105 モーダス105 440アイアン G440IRON 日本仕様 右用 左用 レフト ー アイアンセット 単品アイアン,ピン G440 アイアン IRON TOUR 105 モーダス スチール 1本 3本 4本 5本 6本 セット ジー440 ツアー105 モーダス105 440アイアン G440IRON 日本仕様,False,True
550,Callaway Callaway Graphic Glove 25 JM ( グラフィック グローブ 25JM ) ゴルフグローブ ( 左手用 ) 2025モデル,Callaway Graphic Glove 25 JM グラフィック グローブ 25JM ゴルフグローブ 左手用 2025モデル,False,True
283,PING ピン プリントエス アイアン BLUE PRINT S IRON 3本セット TOUR 110 モーダス 110 スチール 右用 左用 ライト レフト ー 日本仕様 プリントS BLUEPRINTS ブレードアイアン キャビティアイアン 軟鉄アイアン,ピン プリントエス アイアン BLUE PRINT Ｓ IRON 3本セット TOUR 110 モーダス スチール 右用 左用 ライト レフト 日本仕様 プリントS BLUEPRINTS,False,True
436,FootJoy FOOTJOY PURE TOUCH ピュアタッチ 天然皮革 ゴルフグローブ ( 左手用 ) 「 FGPU 」,FOOTJOY PURE TOUCH ピュアタッチ 天然皮革 ゴルフグローブ 左手用 FGPU,False,True
99,"PING (ピンゴルフ) 購入補助券(100,000円分)_ アイアン ドライバー ウェッジ G430 G440 G LE3 購入補助券 おすすめ 人気 贈答",PING ピンゴルフ 購入補助券 100 000円分 アイアン ドライバー ウェッジ G430 G440 Ｇ LE3 おすすめ 人気 贈答,False,True
155,Titleist タイトリスト PRO V1／PRO V1x ● ●,タイトリスト PRO V1 V1x,False,True
563,Shot Navi ショットナビ ネオ2hp / neo2HP/ (ゴルフナビ GPS ゴルフナビ 距離計 距離測定器 ゴルフ用品 ゴルフ用具 ナビ ゴルフナビ ポケット 距離計 gps devices,ショットナビ ネオ2hp neo2HP ゴルフナビ GPS 距離計 距離測定器 ゴルフ用品 ゴルフ用具 ナビ ポケット devices,False,True
149,Titleist (営業日 ) タイトリスト PROV1 ・ PROV1X,営業日 タイトリスト PROV1 PROV1X,False,True
104,PING ピン G430 MAX 10K ドライバー ALTA J CB BLACK G430 MAX テンケイ,ピン G430 MAX 10K ドライバー ALTA Ｊ CB BLACK テンケイ,False,True
30,TaylorMade テーラーメイド Qi10 Max ドライバー / Diamana Blue TM50,テーラーメイド Qi10 Max ドライバー Diamana Blue TM50,False,True
241,PING ピン アイアンセット 5本組 ジーエルイー3 G LE3 IRON 5I,ピン アイアンセット 5本組 ジーエルイー3 Ｇ LE3 IRON 5I,False,True
152,XXIO ゼクシオ 14 アイアン 5本セット《 》 - ダンロップ 14シリーズ アイアン MP1400 / ゴルフ用品 SKU-C710,ゼクシオ 14 アイアン 5本セット ダンロップ 14シリーズ MP1400 ゴルフ用品 SKU-C710,False,True
119,Mizuno ミズノ トリプルアクションウェッジ 軟鉄 TRIPLE ACTION WEDGE 2,ミズノ トリプルアクションウェッジ 軟鉄 TRIPLE ACTION WEDGE ２,False,True
575,Callaway キャロウェイ グラフィック グローブ 25 JM ゴルフ手袋 左手用 / Graphic Glove 25JM,キャロウェイ グラフィック グローブ 25 JM ゴルフ手袋 左手用 Graphic Glove 25JM,False,True
16,Bridgestone TOUR B X,Bridgestone TOUR Ｂ Ｘ,False,True
423,PING ピン G LE3 ULT250J アイアン 5本セット ＃7−W，SW 女性用,ピン Ｇ LE3 ULT250J アイアン 5本セット ＃7−W SW 女性用,False,True
58,TaylorMade テーラーメイド Qi10 Max ウィ ドライバー / ELDIO TM40,テーラーメイド Qi10 Max ウィ ドライバー ELDIO TM40,False,True
561,PING 《2024》ショットナビ Laser Sniper RAYS GR(レイズ ジーアール) 高精度ゴルフ距離計 緑赤OLED搭載 USB Type-C充電 防水 ピン補助 ゴルフレーザー距離計 ショット ナビ レーザー 距離 計 ショットナビ レーザー ショットナビ 距離計,PING 2024 ショットナビ Laser Sniper RAYS GR レイズ ジーアール 高精度ゴルフ距離計 緑赤OLED搭載 USB Type-C充電 防水 ピン補助 ゴルフレーザー距離計,False,True
121,PING 匠ミニパター「スピンコントロール」 / 練習 本番 テクニック向上 極小ヘッド ヘッド小さめ ミニパター 軟鉄削り出し 東邦ゴルフ 085BF04N.,PING 匠ミニパター スピンコントロール 練習 本番 テクニック向上 極小ヘッド ヘッド小さめ ミニパター 軟鉄削り出し 東邦ゴルフ 085BF04N.,False,True
233,PING ピン G440 MAX ドライバー 標準スペック 右用 ALTA J CB BLUE TOUR 2.0 CHROME BLACK,ピン G440 MAX ドライバー 標準スペック 右用 ALTA Ｊ CB BLUE TOUR 2.0 CHROME BLACK,False,True
228,PING (特注 納期1-3週)ピンゴルフ G440 K(ケイ)ドライバー ALTA J CB BLUE 2026,PING 特注 納期1-3週 ピンゴルフ G440 Ｋ ケイ ドライバー ALTA Ｊ CB BLUE 2026,False,True
311,Honma 本間ゴルフ ツアーワールド TOUR WORLD TW777 360 Ti ドライバー BLUE 5 6,本間ゴルフ ツアーワールド TOUR WORLD TW777 360 Ti ドライバー BLUE ５ ６,False,True
538,Srixon ダンロップ(スリクソン) 「 左手着用 」 ゴルフグローブ GGG-X018(25.0cm/ ) GGGX018,ダンロップ スリクソン 左手着用 ゴルフグローブ GGG-X018 25.0cm GGGX018,False,True
244,PING PING G440 アイアン 5本セット ALTA J CB BLUE G440 アイアンセット,PING G440 アイアン 5本セット ALTA Ｊ CB BLUE アイアンセット,False,True
42,Bridgestone BRIDGESTONE TOUR B Xシリーズ ツアー ビー エックス 2026 (12個入),BRIDGESTONE TOUR Ｂ Xシリーズ ツアー ビー エックス 2026 12個入,False,True
595,Shot Navi Shot Navi ゴルフレーザー距離計 0.2秒/1300yd計測 Laser Sniper ELUA(エルーア) BK/サブディスプレイ搭載 専用ケース付き 広視野LCDファインダー 高透過レンズ 6倍望遠 高低差測定ON/OFF 競技対応 充電式 防水IPX4 小型 軽量 ゴルフ距離計 レーザー距離計 ゴル,Shot Navi Shot Navi ゴルフレーザー距離計 0.2秒 1300yd計測 Laser Sniper ELUA エルーア BK サブディスプレイ搭載 専用ケース付き,False,True
473,Scotty Cameron スコッティキャメロン SCピンフラッグ Tシャツ ウォームグレイ S SCOTTY CAMERON 2022 SC PIN FLAG T SHIRT WARM GRAY SMALL 103159,Scotty Cameron スコッティキャメロン SCピンフラッグ Tシャツ ウォームグレイ Ｓ SCOTTY CAMERON 2022 SC PIN FLAG Ｔ SHIRT WARM GRAY,False,True
208,PING 名入れ ソッコーオウンネーム プロV1 / プロV1X 2025年 タイトリスト 1 3営業日発送 ラッピング titleist PRO 25B,PING 名入れ ソッコーオウンネーム プロV1 プロV1X 2025年 タイトリスト １ 3営業日発送 ラッピング titleist PRO 25B,False,True
265,XXIO DUNLOP XXIO 14 ドライバー 2026 MP1400 11.5 R,DUNLOP XXIO 14 ドライバー 2026 MP1400 11.5 Ｒ,False,True
593,Callaway Callaway Hyper Cool Glove 25 JM ( ハイパー クール グローブ 25JM ) ゴルフグローブ ( 左手用 ) 2025モデル,Callaway Hyper Cool Glove 25 JM ハイパー クール グローブ 25JM ゴルフグローブ 左手用 2025モデル,False,True
420,PING ピン G440 ドライバー MAX LST SFT ALTA J CB BLUE TOUR 2.0 CHROME BLACK アルタ ツアー2.0 ジー440 G440ドライバー G440DRIVER 日本仕様 右利き 左利き 右用 左用 ー レフト max lst sft マックス エルエス エスエフ,ピン G440 ドライバー MAX LST SFT ALTA Ｊ CB BLUE TOUR 2.0 CHROME BLACK アルタ ツアー2.0 ジー440 G440ドライバー G440DRIVER,False,True
660,Honma 本間ゴルフ( / ) ツアーワールド (T//WORLD) 2022 TW757 Type-D ドライバー (9°/±1°) SR 右用 ヴィザード カスタム 付属,本間ゴルフ ツアーワールド Ｔ WORLD 2022 TW757 Type-D ドライバー 9° ±1° SR 右用 ヴィザード カスタム 付属,False,True
491,Titleist Titleist SUPER GRIP スーパーグリップ ゴルフグローブ(左手用) 「 TG39 」,Titleist SUPER GRIP スーパーグリップ ゴルフグローブ 左手用 TG39,False,True
383,Bridgestone BRIDGESTONE ULTRA GRIP LADY ウルトラグリップレディ 合成皮革 女性用 ゴルフグローブ ( 両手用 ) 2025モデル 「 GL25L2 」,BRIDGESTONE ULTRA GRIP LADY ウルトラグリップレディ 合成皮革 女性用 ゴルフグローブ 両手用 2025モデル GL25L2,False,True
340,Bridgestone BRIDGESTONE B-LD ビーレディ 女性用 ドライバー SPEEDER NX BS40LDw 「 BLPB1W 」,BRIDGESTONE B-LD ビーレディ 女性用 ドライバー SPEEDER NX BS40LDw BLPB1W,False,True
524,Voice Caddie voice caddie SL2 「 ゴルフ用ハイブリッドGPSレーザー距離計 」,Voice Caddie voice caddie SL2 ゴルフ用ハイブリッドGPSレーザー距離計,False,True
337,Bridgestone BRIDGESTONE BX1 ST ドライバー VENTUS BS6II 「 1DQB1W 」,BRIDGESTONE BX1 ST ドライバー VENTUS BS6II 1DQB1W,False,True
381,Mizuno MIZUNO W-GRIP ダブルグリップ ゴルフグローブ(右手用) 「 5MJMR401 」,MIZUNO W-GRIP ダブルグリップ ゴルフグローブ 右手用 5MJMR401,False,True
417,Bushnell Bushnell PINSEEKER PRO X3 PLUS JOLT ピンシーカー プロX3 プラスジョルト 「 ゴルフ用レーザー距離計 」,Bushnell PINSEEKER PRO X3 PLUS JOLT ピンシーカー プロX3 プラスジョルト ゴルフ用レーザー距離計,False,True
375,Odyssey オデッセイ TRTL タートル パター S ショートスラント,オデッセイ TRTL タートル パター Ｓ ショートスラント,False,True
331,Bridgestone ブリヂストン B3 DD ドライバー Bシリーズ 右 TENSEI BS Red 40 R SR 10.5度,ブリヂストン B3 DD ドライバー Bシリーズ 右 TENSEI BS Red 40 Ｒ SR 10.5度,False,True
413,Bushnell Bushnell PINSEEKER TOUR V6 SHIFT JOLT ピンシーカー ツアー V6 シフト ジョルト 2025モデル 「 ゴルフ用レーザー距離計 」,Bushnell PINSEEKER TOUR V6 SHIFT JOLT ピンシーカー ツアー シフト ジョルト 2025モデル ゴルフ用レーザー距離計,False,True
334,Bridgestone BRIDGESTONE BX2 HT ドライバー Diamana BS50II 「 2DQB1W 」,BRIDGESTONE BX2 HT ドライバー Diamana BS50II 2DQB1W,False,True
501,Titleist Titleist PROFESSIONAL プロフェッショナル 天然皮革 ゴルフグローブ ( 左手用 ) 「 TG73 」,Titleist PROFESSIONAL プロフェッショナル 天然皮革 ゴルフグローブ 左手用 TG73,False,True
526,Scotty Cameron スコッティキャメロン ピンフラッグ ハイドロフラスク 10オンス ワインタンブラー スナッパー SCOTTY CAMERON 2022 PINFLAG HYDRO FLASK 10OZ WINE TUMBLER SNAPPER 104676,Scotty Cameron スコッティキャメロン ピンフラッグ ハイドロフラスク 10オンス ワインタンブラー スナッパー SCOTTY CAMERON 2022 PINFLAG HYDRO,False,True
81,Yonex EZONE GT TYPE S ドライバー,Yonex EZONE GT TYPE Ｓ ドライバー,False,True
